,distID,timeID,GAP
0,1,2016-1-22-46,175.0
1,1,2016-1-22-58,210.0
2,1,2016-1-22-70,169.0
3,1,2016-1-22-82,173.0
4,1,2016-1-22-94,174.0
5,1,2016-1-22-106,257.0
6,1,2016-1-22-118,248.0
7,1,2016-1-22-130,233.0
8,1,2016-1-22-142,124.0
9,1,2016-1-24-46,0.0
10,1,2016-1-24-58,140.0
11,1,2016-1-24-70,168.0
12,1,2016-1-24-82,194.0
13,1,2016-1-24-94,218.0
14,1,2016-1-24-106,307.0
15,1,2016-1-24-118,256.0
16,1,2016-1-24-130,267.0
17,1,2016-1-24-142,85.0
18,1,2016-1-26-46,177.0
19,1,2016-1-26-58,174.0
20,1,2016-1-26-70,133.0
21,1,2016-1-26-82,139.0
22,1,2016-1-26-94,128.0
23,1,2016-1-26-106,185.0
24,1,2016-1-26-118,225.0
25,1,2016-1-26-130,217.0
26,1,2016-1-26-142,79.0
27,1,2016-1-28-46,0.0
28,1,2016-1-28-58,175.0
29,1,2016-1-28-70,127.0
30,1,2016-1-28-82,149.0
31,1,2016-1-28-94,150.0
32,1,2016-1-28-106,221.0
33,1,2016-1-28-118,233.0
34,1,2016-1-28-130,224.0
35,1,2016-1-28-142,101.0
36,1,2016-1-30-46,121.0
37,1,2016-1-30-58,128.0
38,1,2016-1-30-70,117.0
39,1,2016-1-30-82,152.0
40,1,2016-1-30-94,174.0
41,1,2016-1-30-106,216.0
42,1,2016-1-30-118,217.0
43,1,2016-1-30-130,247.0
44,1,2016-1-30-142,116.0
45,2,2016-1-22-46,23.0
46,2,2016-1-22-58,24.0
47,2,2016-1-22-70,21.0
48,2,2016-1-22-82,38.0
49,2,2016-1-22-94,36.0
50,2,2016-1-22-106,43.0
51,2,2016-1-22-118,48.0
52,2,2016-1-22-130,34.0
53,2,2016-1-22-142,26.0
54,2,2016-1-24-46,0.0
55,2,2016-1-24-58,14.0
56,2,2016-1-24-70,26.0
57,2,2016-1-24-82,28.0
58,2,2016-1-24-94,28.0
59,2,2016-1-24-106,45.0
60,2,2016-1-24-118,23.0
61,2,2016-1-24-130,31.0
62,2,2016-1-24-142,20.0
63,2,2016-1-26-46,27.0
64,2,2016-1-26-58,20.0
65,2,2016-1-26-70,22.0
66,2,2016-1-26-82,32.0
67,2,2016-1-26-94,32.0
68,2,2016-1-26-106,59.0
69,2,2016-1-26-118,47.0
70,2,2016-1-26-130,26.0
71,2,2016-1-26-142,19.0
72,2,2016-1-28-46,0.0
73,2,2016-1-28-58,19.0
74,2,2016-1-28-70,27.0
75,2,2016-1-28-82,28.0
76,2,2016-1-28-94,29.0
77,2,2016-1-28-106,51.0
78,2,2016-1-28-118,35.0
79,2,2016-1-28-130,29.0
80,2,2016-1-28-142,9.0
81,2,2016-1-30-46,16.0
82,2,2016-1-30-58,22.0
83,2,2016-1-30-70,30.0
84,2,2016-1-30-82,33.0
85,2,2016-1-30-94,26.0
86,2,2016-1-30-106,47.0
87,2,2016-1-30-118,37.0
88,2,2016-1-30-130,29.0
89,2,2016-1-30-142,13.0
90,3,2016-1-22-46,4.0
91,3,2016-1-22-58,9.0
92,3,2016-1-22-70,3.0
93,3,2016-1-22-82,6.0
94,3,2016-1-22-94,3.0
95,3,2016-1-22-106,10.0
96,3,2016-1-22-118,2.0
97,3,2016-1-22-130,2.0
98,3,2016-1-22-142,0.0
99,3,2016-1-24-46,0.0
100,3,2016-1-24-58,8.0
101,3,2016-1-24-70,5.0
102,3,2016-1-24-82,8.0
103,3,2016-1-24-94,6.0
104,3,2016-1-24-106,7.0
105,3,2016-1-24-118,6.0
106,3,2016-1-24-130,3.0
107,3,2016-1-24-142,3.0
108,3,2016-1-26-46,6.0
109,3,2016-1-26-58,6.0
110,3,2016-1-26-70,7.0
111,3,2016-1-26-82,1.0
112,3,2016-1-26-94,6.0
113,3,2016-1-26-106,5.0
114,3,2016-1-26-118,3.0
115,3,2016-1-26-130,3.0
116,3,2016-1-26-142,0.0
117,3,2016-1-28-46,0.0
118,3,2016-1-28-58,1.0
119,3,2016-1-28-70,4.0
120,3,2016-1-28-82,2.0
121,3,2016-1-28-94,4.0
122,3,2016-1-28-106,2.0
123,3,2016-1-28-118,2.0
124,3,2016-1-28-130,10.0
125,3,2016-1-28-142,1.0
126,3,2016-1-30-46,7.0
127,3,2016-1-30-58,2.0
128,3,2016-1-30-70,2.0
129,3,2016-1-30-82,3.0
130,3,2016-1-30-94,1.0
131,3,2016-1-30-106,2.0
132,3,2016-1-30-118,4.0
133,3,2016-1-30-130,9.0
134,3,2016-1-30-142,1.0
135,4,2016-1-22-46,76.0
136,4,2016-1-22-58,195.0
137,4,2016-1-22-70,45.0
138,4,2016-1-22-82,59.0
139,4,2016-1-22-94,65.0
140,4,2016-1-22-106,92.0
141,4,2016-1-22-118,91.0
142,4,2016-1-22-130,74.0
143,4,2016-1-22-142,23.0
144,4,2016-1-24-46,0.0
145,4,2016-1-24-58,34.0
146,4,2016-1-24-70,47.0
147,4,2016-1-24-82,76.0
148,4,2016-1-24-94,71.0
149,4,2016-1-24-106,93.0
150,4,2016-1-24-118,88.0
151,4,2016-1-24-130,107.0
152,4,2016-1-24-142,21.0
153,4,2016-1-26-46,64.0
154,4,2016-1-26-58,188.0
155,4,2016-1-26-70,53.0
156,4,2016-1-26-82,61.0
157,4,2016-1-26-94,58.0
158,4,2016-1-26-106,62.0
159,4,2016-1-26-118,60.0
160,4,2016-1-26-130,86.0
161,4,2016-1-26-142,21.0
162,4,2016-1-28-46,0.0
163,4,2016-1-28-58,206.0
164,4,2016-1-28-70,46.0
165,4,2016-1-28-82,59.0
166,4,2016-1-28-94,46.0
167,4,2016-1-28-106,81.0
168,4,2016-1-28-118,69.0
169,4,2016-1-28-130,120.0
170,4,2016-1-28-142,30.0
171,4,2016-1-30-46,23.0
172,4,2016-1-30-58,50.0
173,4,2016-1-30-70,56.0
174,4,2016-1-30-82,73.0
175,4,2016-1-30-94,83.0
176,4,2016-1-30-106,99.0
177,4,2016-1-30-118,83.0
178,4,2016-1-30-130,83.0
179,4,2016-1-30-142,23.0
180,5,2016-1-22-46,5.0
181,5,2016-1-22-58,5.0
182,5,2016-1-22-70,2.0
183,5,2016-1-22-82,4.0
184,5,2016-1-22-94,8.0
185,5,2016-1-22-106,5.0
186,5,2016-1-22-118,3.0
187,5,2016-1-22-130,5.0
188,5,2016-1-22-142,0.0
189,5,2016-1-24-46,0.0
190,5,2016-1-24-58,1.0
191,5,2016-1-24-70,4.0
192,5,2016-1-24-82,7.0
193,5,2016-1-24-94,6.0
194,5,2016-1-24-106,7.0
195,5,2016-1-24-118,2.0
196,5,2016-1-24-130,3.0
197,5,2016-1-24-142,2.0
198,5,2016-1-26-46,2.0
199,5,2016-1-26-58,1.0
200,5,2016-1-26-70,3.0
201,5,2016-1-26-82,1.0
202,5,2016-1-26-94,4.0
203,5,2016-1-26-106,4.0
204,5,2016-1-26-118,4.0
205,5,2016-1-26-130,2.0
206,5,2016-1-26-142,0.0
207,5,2016-1-28-46,0.0
208,5,2016-1-28-58,6.0
209,5,2016-1-28-70,2.0
210,5,2016-1-28-82,2.0
211,5,2016-1-28-94,3.0
212,5,2016-1-28-106,3.0
213,5,2016-1-28-118,3.0
214,5,2016-1-28-130,1.0
215,5,2016-1-28-142,0.0
216,5,2016-1-30-46,1.0
217,5,2016-1-30-58,5.0
218,5,2016-1-30-70,3.0
219,5,2016-1-30-82,9.0
220,5,2016-1-30-94,1.0
221,5,2016-1-30-106,4.0
222,5,2016-1-30-118,2.0
223,5,2016-1-30-130,3.0
224,5,2016-1-30-142,0.0
225,6,2016-1-22-46,42.0
226,6,2016-1-22-58,49.0
227,6,2016-1-22-70,27.0
228,6,2016-1-22-82,27.0
229,6,2016-1-22-94,19.0
230,6,2016-1-22-106,14.0
231,6,2016-1-22-118,7.0
232,6,2016-1-22-130,12.0
233,6,2016-1-22-142,7.0
234,6,2016-1-24-46,0.0
235,6,2016-1-24-58,20.0
236,6,2016-1-24-70,27.0
237,6,2016-1-24-82,19.0
238,6,2016-1-24-94,16.0
239,6,2016-1-24-106,22.0
240,6,2016-1-24-118,26.0
241,6,2016-1-24-130,13.0
242,6,2016-1-24-142,6.0
243,6,2016-1-26-46,40.0
244,6,2016-1-26-58,59.0
245,6,2016-1-26-70,13.0
246,6,2016-1-26-82,4.0
247,6,2016-1-26-94,8.0
248,6,2016-1-26-106,31.0
249,6,2016-1-26-118,15.0
250,6,2016-1-26-130,12.0
251,6,2016-1-26-142,6.0
252,6,2016-1-28-46,0.0
253,6,2016-1-28-58,41.0
254,6,2016-1-28-70,11.0
255,6,2016-1-28-82,24.0
256,6,2016-1-28-94,7.0
257,6,2016-1-28-106,10.0
258,6,2016-1-28-118,9.0
259,6,2016-1-28-130,10.0
260,6,2016-1-28-142,4.0
261,6,2016-1-30-46,14.0
262,6,2016-1-30-58,21.0
263,6,2016-1-30-70,8.0
264,6,2016-1-30-82,12.0
265,6,2016-1-30-94,13.0
266,6,2016-1-30-106,14.0
267,6,2016-1-30-118,11.0
268,6,2016-1-30-130,5.0
269,6,2016-1-30-142,11.0
270,7,2016-1-22-46,118.0
271,7,2016-1-22-58,178.0
272,7,2016-1-22-70,143.0
273,7,2016-1-22-82,255.0
274,7,2016-1-22-94,346.0
275,7,2016-1-22-106,909.0
276,7,2016-1-22-118,276.0
277,7,2016-1-22-130,319.0
278,7,2016-1-22-142,77.0
279,7,2016-1-24-46,0.0
280,7,2016-1-24-58,123.0
281,7,2016-1-24-70,126.0
282,7,2016-1-24-82,199.0
283,7,2016-1-24-94,207.0
284,7,2016-1-24-106,232.0
285,7,2016-1-24-118,162.0
286,7,2016-1-24-130,127.0
287,7,2016-1-24-142,61.0
288,7,2016-1-26-46,150.0
289,7,2016-1-26-58,219.0
290,7,2016-1-26-70,130.0
291,7,2016-1-26-82,206.0
292,7,2016-1-26-94,214.0
293,7,2016-1-26-106,417.0
294,7,2016-1-26-118,266.0
295,7,2016-1-26-130,254.0
296,7,2016-1-26-142,80.0
297,7,2016-1-28-46,0.0
298,7,2016-1-28-58,248.0
299,7,2016-1-28-70,156.0
300,7,2016-1-28-82,200.0
301,7,2016-1-28-94,234.0
302,7,2016-1-28-106,352.0
303,7,2016-1-28-118,282.0
304,7,2016-1-28-130,246.0
305,7,2016-1-28-142,93.0
306,7,2016-1-30-46,52.0
307,7,2016-1-30-58,125.0
308,7,2016-1-30-70,154.0
309,7,2016-1-30-82,235.0
310,7,2016-1-30-94,229.0
311,7,2016-1-30-106,274.0
312,7,2016-1-30-118,124.0
313,7,2016-1-30-130,222.0
314,7,2016-1-30-142,73.0
315,8,2016-1-22-46,491.0
316,8,2016-1-22-58,676.0
317,8,2016-1-22-70,321.0
318,8,2016-1-22-82,409.0
319,8,2016-1-22-94,391.0
320,8,2016-1-22-106,743.0
321,8,2016-1-22-118,427.0
322,8,2016-1-22-130,593.0
323,8,2016-1-22-142,159.0
324,8,2016-1-24-46,0.0
325,8,2016-1-24-58,249.0
326,8,2016-1-24-70,328.0
327,8,2016-1-24-82,415.0
328,8,2016-1-24-94,361.0
329,8,2016-1-24-106,393.0
330,8,2016-1-24-118,310.0
331,8,2016-1-24-130,400.0
332,8,2016-1-24-142,111.0
333,8,2016-1-26-46,623.0
334,8,2016-1-26-58,716.0
335,8,2016-1-26-70,303.0
336,8,2016-1-26-82,415.0
337,8,2016-1-26-94,403.0
338,8,2016-1-26-106,501.0
339,8,2016-1-26-118,363.0
340,8,2016-1-26-130,526.0
341,8,2016-1-26-142,128.0
342,8,2016-1-28-46,0.0
343,8,2016-1-28-58,705.0
344,8,2016-1-28-70,369.0
345,8,2016-1-28-82,406.0
346,8,2016-1-28-94,439.0
347,8,2016-1-28-106,512.0
348,8,2016-1-28-118,441.0
349,8,2016-1-28-130,554.0
350,8,2016-1-28-142,134.0
351,8,2016-1-30-46,126.0
352,8,2016-1-30-58,331.0
353,8,2016-1-30-70,477.0
354,8,2016-1-30-82,582.0
355,8,2016-1-30-94,495.0
356,8,2016-1-30-106,511.0
357,8,2016-1-30-118,331.0
358,8,2016-1-30-130,466.0
359,8,2016-1-30-142,159.0
360,9,2016-1-22-46,20.0
361,9,2016-1-22-58,51.0
362,9,2016-1-22-70,26.0
363,9,2016-1-22-82,46.0
364,9,2016-1-22-94,43.0
365,9,2016-1-22-106,42.0
366,9,2016-1-22-118,50.0
367,9,2016-1-22-130,40.0
368,9,2016-1-22-142,18.0
369,9,2016-1-24-46,0.0
370,9,2016-1-24-58,30.0
371,9,2016-1-24-70,42.0
372,9,2016-1-24-82,41.0
373,9,2016-1-24-94,46.0
374,9,2016-1-24-106,53.0
375,9,2016-1-24-118,48.0
376,9,2016-1-24-130,51.0
377,9,2016-1-24-142,25.0
378,9,2016-1-26-46,35.0
379,9,2016-1-26-58,62.0
380,9,2016-1-26-70,23.0
381,9,2016-1-26-82,42.0
382,9,2016-1-26-94,50.0
383,9,2016-1-26-106,45.0
384,9,2016-1-26-118,54.0
385,9,2016-1-26-130,46.0
386,9,2016-1-26-142,19.0
387,9,2016-1-28-46,0.0
388,9,2016-1-28-58,48.0
389,9,2016-1-28-70,36.0
390,9,2016-1-28-82,41.0
391,9,2016-1-28-94,25.0
392,9,2016-1-28-106,50.0
393,9,2016-1-28-118,33.0
394,9,2016-1-28-130,46.0
395,9,2016-1-28-142,18.0
396,9,2016-1-30-46,15.0
397,9,2016-1-30-58,30.0
398,9,2016-1-30-70,34.0
399,9,2016-1-30-82,29.0
400,9,2016-1-30-94,44.0
401,9,2016-1-30-106,42.0
402,9,2016-1-30-118,39.0
403,9,2016-1-30-130,43.0
404,9,2016-1-30-142,19.0
405,10,2016-1-22-46,8.0
406,10,2016-1-22-58,11.0
407,10,2016-1-22-70,3.0
408,10,2016-1-22-82,3.0
409,10,2016-1-22-94,2.0
410,10,2016-1-22-106,2.0
411,10,2016-1-22-118,0.0
412,10,2016-1-22-130,1.0
413,10,2016-1-22-142,5.0
414,10,2016-1-24-46,0.0
415,10,2016-1-24-58,7.0
416,10,2016-1-24-70,4.0
417,10,2016-1-24-82,1.0
418,10,2016-1-24-94,4.0
419,10,2016-1-24-106,5.0
420,10,2016-1-24-118,4.0
421,10,2016-1-24-130,2.0
422,10,2016-1-24-142,0.0
423,10,2016-1-26-46,8.0
424,10,2016-1-26-58,2.0
425,10,2016-1-26-70,2.0
426,10,2016-1-26-82,0.0
427,10,2016-1-26-94,2.0
428,10,2016-1-26-106,6.0
429,10,2016-1-26-118,3.0
430,10,2016-1-26-130,7.0
431,10,2016-1-26-142,0.0
432,10,2016-1-28-46,0.0
433,10,2016-1-28-58,2.0
434,10,2016-1-28-70,4.0
435,10,2016-1-28-82,1.0
436,10,2016-1-28-94,1.0
437,10,2016-1-28-106,1.0
438,10,2016-1-28-118,2.0
439,10,2016-1-28-130,3.0
440,10,2016-1-28-142,2.0
441,10,2016-1-30-46,4.0
442,10,2016-1-30-58,5.0
443,10,2016-1-30-70,14.0
444,10,2016-1-30-82,5.0
445,10,2016-1-30-94,1.0
446,10,2016-1-30-106,3.0
447,10,2016-1-30-118,0.0
448,10,2016-1-30-130,3.0
449,10,2016-1-30-142,1.0
450,11,2016-1-22-46,62.0
451,11,2016-1-22-58,43.0
452,11,2016-1-22-70,21.0
453,11,2016-1-22-82,32.0
454,11,2016-1-22-94,24.0
455,11,2016-1-22-106,45.0
456,11,2016-1-22-118,32.0
457,11,2016-1-22-130,21.0
458,11,2016-1-22-142,7.0
459,11,2016-1-24-46,0.0
460,11,2016-1-24-58,30.0
461,11,2016-1-24-70,40.0
462,11,2016-1-24-82,54.0
463,11,2016-1-24-94,35.0
464,11,2016-1-24-106,49.0
465,11,2016-1-24-118,31.0
466,11,2016-1-24-130,38.0
467,11,2016-1-24-142,18.0
468,11,2016-1-26-46,48.0
469,11,2016-1-26-58,44.0
470,11,2016-1-26-70,28.0
471,11,2016-1-26-82,42.0
472,11,2016-1-26-94,21.0
473,11,2016-1-26-106,35.0
474,11,2016-1-26-118,24.0
475,11,2016-1-26-130,31.0
476,11,2016-1-26-142,14.0
477,11,2016-1-28-46,0.0
478,11,2016-1-28-58,29.0
479,11,2016-1-28-70,32.0
480,11,2016-1-28-82,28.0
481,11,2016-1-28-94,33.0
482,11,2016-1-28-106,48.0
483,11,2016-1-28-118,31.0
484,11,2016-1-28-130,34.0
485,11,2016-1-28-142,15.0
486,11,2016-1-30-46,39.0
487,11,2016-1-30-58,29.0
488,11,2016-1-30-70,26.0
489,11,2016-1-30-82,31.0
490,11,2016-1-30-94,23.0
491,11,2016-1-30-106,49.0
492,11,2016-1-30-118,30.0
493,11,2016-1-30-130,29.0
494,11,2016-1-30-142,4.0
495,12,2016-1-22-46,204.0
496,12,2016-1-22-58,144.0
497,12,2016-1-22-70,112.0
498,12,2016-1-22-82,119.0
499,12,2016-1-22-94,121.0
500,12,2016-1-22-106,217.0
501,12,2016-1-22-118,150.0
502,12,2016-1-22-130,186.0
503,12,2016-1-22-142,102.0
504,12,2016-1-24-46,0.0
505,12,2016-1-24-58,100.0
506,12,2016-1-24-70,128.0
507,12,2016-1-24-82,143.0
508,12,2016-1-24-94,156.0
509,12,2016-1-24-106,226.0
510,12,2016-1-24-118,158.0
511,12,2016-1-24-130,178.0
512,12,2016-1-24-142,82.0
513,12,2016-1-26-46,134.0
514,12,2016-1-26-58,125.0
515,12,2016-1-26-70,160.0
516,12,2016-1-26-82,164.0
517,12,2016-1-26-94,158.0
518,12,2016-1-26-106,235.0
519,12,2016-1-26-118,131.0
520,12,2016-1-26-130,179.0
521,12,2016-1-26-142,101.0
522,12,2016-1-28-46,0.0
523,12,2016-1-28-58,133.0
524,12,2016-1-28-70,126.0
525,12,2016-1-28-82,160.0
526,12,2016-1-28-94,134.0
527,12,2016-1-28-106,217.0
528,12,2016-1-28-118,140.0
529,12,2016-1-28-130,173.0
530,12,2016-1-28-142,110.0
531,12,2016-1-30-46,72.0
532,12,2016-1-30-58,94.0
533,12,2016-1-30-70,117.0
534,12,2016-1-30-82,115.0
535,12,2016-1-30-94,137.0
536,12,2016-1-30-106,213.0
537,12,2016-1-30-118,144.0
538,12,2016-1-30-130,178.0
539,12,2016-1-30-142,80.0
540,13,2016-1-22-46,21.0
541,13,2016-1-22-58,28.0
542,13,2016-1-22-70,7.0
543,13,2016-1-22-82,12.0
544,13,2016-1-22-94,16.0
545,13,2016-1-22-106,25.0
546,13,2016-1-22-118,14.0
547,13,2016-1-22-130,24.0
548,13,2016-1-22-142,7.0
549,13,2016-1-24-46,0.0
550,13,2016-1-24-58,22.0
551,13,2016-1-24-70,23.0
552,13,2016-1-24-82,16.0
553,13,2016-1-24-94,15.0
554,13,2016-1-24-106,37.0
555,13,2016-1-24-118,15.0
556,13,2016-1-24-130,9.0
557,13,2016-1-24-142,4.0
558,13,2016-1-26-46,24.0
559,13,2016-1-26-58,41.0
560,13,2016-1-26-70,15.0
561,13,2016-1-26-82,14.0
562,13,2016-1-26-94,10.0
563,13,2016-1-26-106,22.0
564,13,2016-1-26-118,12.0
565,13,2016-1-26-130,10.0
566,13,2016-1-26-142,2.0
567,13,2016-1-28-46,0.0
568,13,2016-1-28-58,17.0
569,13,2016-1-28-70,19.0
570,13,2016-1-28-82,23.0
571,13,2016-1-28-94,18.0
572,13,2016-1-28-106,19.0
573,13,2016-1-28-118,10.0
574,13,2016-1-28-130,11.0
575,13,2016-1-28-142,4.0
576,13,2016-1-30-46,11.0
577,13,2016-1-30-58,19.0
578,13,2016-1-30-70,19.0
579,13,2016-1-30-82,16.0
580,13,2016-1-30-94,14.0
581,13,2016-1-30-106,21.0
582,13,2016-1-30-118,5.0
583,13,2016-1-30-130,15.0
584,13,2016-1-30-142,7.0
585,14,2016-1-22-46,190.0
586,14,2016-1-22-58,177.0
587,14,2016-1-22-70,93.0
588,14,2016-1-22-82,108.0
589,14,2016-1-22-94,87.0
590,14,2016-1-22-106,209.0
591,14,2016-1-22-118,87.0
592,14,2016-1-22-130,80.0
593,14,2016-1-22-142,30.0
594,14,2016-1-24-46,0.0
595,14,2016-1-24-58,87.0
596,14,2016-1-24-70,120.0
597,14,2016-1-24-82,107.0
598,14,2016-1-24-94,87.0
599,14,2016-1-24-106,112.0
600,14,2016-1-24-118,85.0
601,14,2016-1-24-130,44.0
602,14,2016-1-24-142,25.0
603,14,2016-1-26-46,165.0
604,14,2016-1-26-58,228.0
605,14,2016-1-26-70,93.0
606,14,2016-1-26-82,140.0
607,14,2016-1-26-94,113.0
608,14,2016-1-26-106,161.0
609,14,2016-1-26-118,95.0
610,14,2016-1-26-130,80.0
611,14,2016-1-26-142,33.0
612,14,2016-1-28-46,0.0
613,14,2016-1-28-58,223.0
614,14,2016-1-28-70,106.0
615,14,2016-1-28-82,93.0
616,14,2016-1-28-94,107.0
617,14,2016-1-28-106,164.0
618,14,2016-1-28-118,98.0
619,14,2016-1-28-130,104.0
620,14,2016-1-28-142,17.0
621,14,2016-1-30-46,63.0
622,14,2016-1-30-58,122.0
623,14,2016-1-30-70,124.0
624,14,2016-1-30-82,150.0
625,14,2016-1-30-94,116.0
626,14,2016-1-30-106,148.0
627,14,2016-1-30-118,67.0
628,14,2016-1-30-130,84.0
629,14,2016-1-30-142,27.0
630,15,2016-1-22-46,1.0
631,15,2016-1-22-58,2.0
632,15,2016-1-22-70,0.0
633,15,2016-1-22-82,0.0
634,15,2016-1-22-94,1.0
635,15,2016-1-22-106,0.0
636,15,2016-1-22-118,7.0
637,15,2016-1-22-130,0.0
638,15,2016-1-22-142,0.0
639,15,2016-1-24-46,0.0
640,15,2016-1-24-58,0.0
641,15,2016-1-24-70,1.0
642,15,2016-1-24-82,2.0
643,15,2016-1-24-94,1.0
644,15,2016-1-24-106,1.0
645,15,2016-1-24-118,0.0
646,15,2016-1-24-130,0.0
647,15,2016-1-24-142,0.0
648,15,2016-1-26-46,0.0
649,15,2016-1-26-58,1.0
650,15,2016-1-26-70,0.0
651,15,2016-1-26-82,0.0
652,15,2016-1-26-94,0.0
653,15,2016-1-26-106,2.0
654,15,2016-1-26-118,0.0
655,15,2016-1-26-130,0.0
656,15,2016-1-26-142,0.0
657,15,2016-1-28-46,0.0
658,15,2016-1-28-58,0.0
659,15,2016-1-28-70,0.0
660,15,2016-1-28-82,0.0
661,15,2016-1-28-94,0.0
662,15,2016-1-28-106,0.0
663,15,2016-1-28-118,2.0
664,15,2016-1-28-130,0.0
665,15,2016-1-28-142,0.0
666,15,2016-1-30-46,0.0
667,15,2016-1-30-58,0.0
668,15,2016-1-30-70,0.0
669,15,2016-1-30-82,1.0
670,15,2016-1-30-94,0.0
671,15,2016-1-30-106,1.0
672,15,2016-1-30-118,0.0
673,15,2016-1-30-130,0.0
674,15,2016-1-30-142,0.0
675,16,2016-1-22-46,10.0
676,16,2016-1-22-58,19.0
677,16,2016-1-22-70,6.0
678,16,2016-1-22-82,11.0
679,16,2016-1-22-94,14.0
680,16,2016-1-22-106,12.0
681,16,2016-1-22-118,8.0
682,16,2016-1-22-130,14.0
683,16,2016-1-22-142,8.0
684,16,2016-1-24-46,0.0
685,16,2016-1-24-58,8.0
686,16,2016-1-24-70,13.0
687,16,2016-1-24-82,8.0
688,16,2016-1-24-94,16.0
689,16,2016-1-24-106,23.0
690,16,2016-1-24-118,9.0
691,16,2016-1-24-130,8.0
692,16,2016-1-24-142,3.0
693,16,2016-1-26-46,14.0
694,16,2016-1-26-58,21.0
695,16,2016-1-26-70,4.0
696,16,2016-1-26-82,9.0
697,16,2016-1-26-94,6.0
698,16,2016-1-26-106,11.0
699,16,2016-1-26-118,7.0
700,16,2016-1-26-130,5.0
701,16,2016-1-26-142,3.0
702,16,2016-1-28-46,0.0
703,16,2016-1-28-58,20.0
704,16,2016-1-28-70,6.0
705,16,2016-1-28-82,21.0
706,16,2016-1-28-94,10.0
707,16,2016-1-28-106,9.0
708,16,2016-1-28-118,9.0
709,16,2016-1-28-130,13.0
710,16,2016-1-28-142,5.0
711,16,2016-1-30-46,9.0
712,16,2016-1-30-58,7.0
713,16,2016-1-30-70,6.0
714,16,2016-1-30-82,17.0
715,16,2016-1-30-94,16.0
716,16,2016-1-30-106,14.0
717,16,2016-1-30-118,6.0
718,16,2016-1-30-130,3.0
719,16,2016-1-30-142,5.0
720,17,2016-1-22-46,12.0
721,17,2016-1-22-58,12.0
722,17,2016-1-22-70,10.0
723,17,2016-1-22-82,8.0
724,17,2016-1-22-94,10.0
725,17,2016-1-22-106,11.0
726,17,2016-1-22-118,3.0
727,17,2016-1-22-130,3.0
728,17,2016-1-22-142,3.0
729,17,2016-1-24-46,0.0
730,17,2016-1-24-58,5.0
731,17,2016-1-24-70,8.0
732,17,2016-1-24-82,3.0
733,17,2016-1-24-94,5.0
734,17,2016-1-24-106,9.0
735,17,2016-1-24-118,10.0
736,17,2016-1-24-130,9.0
737,17,2016-1-24-142,6.0
738,17,2016-1-26-46,14.0
739,17,2016-1-26-58,14.0
740,17,2016-1-26-70,3.0
741,17,2016-1-26-82,12.0
742,17,2016-1-26-94,8.0
743,17,2016-1-26-106,10.0
744,17,2016-1-26-118,6.0
745,17,2016-1-26-130,3.0
746,17,2016-1-26-142,1.0
747,17,2016-1-28-46,0.0
748,17,2016-1-28-58,16.0
749,17,2016-1-28-70,13.0
750,17,2016-1-28-82,11.0
751,17,2016-1-28-94,10.0
752,17,2016-1-28-106,7.0
753,17,2016-1-28-118,4.0
754,17,2016-1-28-130,4.0
755,17,2016-1-28-142,5.0
756,17,2016-1-30-46,5.0
757,17,2016-1-30-58,6.0
758,17,2016-1-30-70,13.0
759,17,2016-1-30-82,8.0
760,17,2016-1-30-94,5.0
761,17,2016-1-30-106,13.0
762,17,2016-1-30-118,6.0
763,17,2016-1-30-130,4.0
764,17,2016-1-30-142,3.0
765,18,2016-1-22-46,19.0
766,18,2016-1-22-58,17.0
767,18,2016-1-22-70,6.0
768,18,2016-1-22-82,12.0
769,18,2016-1-22-94,17.0
770,18,2016-1-22-106,13.0
771,18,2016-1-22-118,4.0
772,18,2016-1-22-130,7.0
773,18,2016-1-22-142,5.0
774,18,2016-1-24-46,0.0
775,18,2016-1-24-58,17.0
776,18,2016-1-24-70,21.0
777,18,2016-1-24-82,10.0
778,18,2016-1-24-94,6.0
779,18,2016-1-24-106,11.0
780,18,2016-1-24-118,10.0
781,18,2016-1-24-130,9.0
782,18,2016-1-24-142,13.0
783,18,2016-1-26-46,21.0
784,18,2016-1-26-58,18.0
785,18,2016-1-26-70,5.0
786,18,2016-1-26-82,11.0
787,18,2016-1-26-94,8.0
788,18,2016-1-26-106,14.0
789,18,2016-1-26-118,10.0
790,18,2016-1-26-130,5.0
791,18,2016-1-26-142,7.0
792,18,2016-1-28-46,0.0
793,18,2016-1-28-58,23.0
794,18,2016-1-28-70,9.0
795,18,2016-1-28-82,9.0
796,18,2016-1-28-94,8.0
797,18,2016-1-28-106,13.0
798,18,2016-1-28-118,7.0
799,18,2016-1-28-130,11.0
800,18,2016-1-28-142,3.0
801,18,2016-1-30-46,10.0
802,18,2016-1-30-58,13.0
803,18,2016-1-30-70,11.0
804,18,2016-1-30-82,10.0
805,18,2016-1-30-94,5.0
806,18,2016-1-30-106,5.0
807,18,2016-1-30-118,8.0
808,18,2016-1-30-130,7.0
809,18,2016-1-30-142,4.0
810,19,2016-1-22-46,61.0
811,19,2016-1-22-58,70.0
812,19,2016-1-22-70,53.0
813,19,2016-1-22-82,53.0
814,19,2016-1-22-94,56.0
815,19,2016-1-22-106,113.0
816,19,2016-1-22-118,55.0
817,19,2016-1-22-130,68.0
818,19,2016-1-22-142,30.0
819,19,2016-1-24-46,0.0
820,19,2016-1-24-58,49.0
821,19,2016-1-24-70,60.0
822,19,2016-1-24-82,83.0
823,19,2016-1-24-94,61.0
824,19,2016-1-24-106,88.0
825,19,2016-1-24-118,73.0
826,19,2016-1-24-130,86.0
827,19,2016-1-24-142,32.0
828,19,2016-1-26-46,57.0
829,19,2016-1-26-58,76.0
830,19,2016-1-26-70,60.0
831,19,2016-1-26-82,67.0
832,19,2016-1-26-94,56.0
833,19,2016-1-26-106,74.0
834,19,2016-1-26-118,57.0
835,19,2016-1-26-130,61.0
836,19,2016-1-26-142,36.0
837,19,2016-1-28-46,0.0
838,19,2016-1-28-58,71.0
839,19,2016-1-28-70,66.0
840,19,2016-1-28-82,55.0
841,19,2016-1-28-94,45.0
842,19,2016-1-28-106,83.0
843,19,2016-1-28-118,66.0
844,19,2016-1-28-130,75.0
845,19,2016-1-28-142,21.0
846,19,2016-1-30-46,27.0
847,19,2016-1-30-58,50.0
848,19,2016-1-30-70,49.0
849,19,2016-1-30-82,69.0
850,19,2016-1-30-94,42.0
851,19,2016-1-30-106,73.0
852,19,2016-1-30-118,66.0
853,19,2016-1-30-130,44.0
854,19,2016-1-30-142,26.0
855,20,2016-1-22-46,90.0
856,20,2016-1-22-58,191.0
857,20,2016-1-22-70,80.0
858,20,2016-1-22-82,99.0
859,20,2016-1-22-94,79.0
860,20,2016-1-22-106,238.0
861,20,2016-1-22-118,210.0
862,20,2016-1-22-130,158.0
863,20,2016-1-22-142,42.0
864,20,2016-1-24-46,0.0
865,20,2016-1-24-58,77.0
866,20,2016-1-24-70,110.0
867,20,2016-1-24-82,99.0
868,20,2016-1-24-94,99.0
869,20,2016-1-24-106,141.0
870,20,2016-1-24-118,84.0
871,20,2016-1-24-130,91.0
872,20,2016-1-24-142,28.0
873,20,2016-1-26-46,122.0
874,20,2016-1-26-58,160.0
875,20,2016-1-26-70,84.0
876,20,2016-1-26-82,84.0
877,20,2016-1-26-94,91.0
878,20,2016-1-26-106,182.0
879,20,2016-1-26-118,166.0
880,20,2016-1-26-130,206.0
881,20,2016-1-26-142,38.0
882,20,2016-1-28-46,0.0
883,20,2016-1-28-58,175.0
884,20,2016-1-28-70,54.0
885,20,2016-1-28-82,101.0
886,20,2016-1-28-94,67.0
887,20,2016-1-28-106,161.0
888,20,2016-1-28-118,180.0
889,20,2016-1-28-130,255.0
890,20,2016-1-28-142,53.0
891,20,2016-1-30-46,39.0
892,20,2016-1-30-58,122.0
893,20,2016-1-30-70,135.0
894,20,2016-1-30-82,142.0
895,20,2016-1-30-94,99.0
896,20,2016-1-30-106,154.0
897,20,2016-1-30-118,119.0
898,20,2016-1-30-130,99.0
899,20,2016-1-30-142,39.0
900,21,2016-1-22-46,100.0
901,21,2016-1-22-58,104.0
902,21,2016-1-22-70,54.0
903,21,2016-1-22-82,62.0
904,21,2016-1-22-94,66.0
905,21,2016-1-22-106,135.0
906,21,2016-1-22-118,87.0
907,21,2016-1-22-130,88.0
908,21,2016-1-22-142,30.0
909,21,2016-1-24-46,0.0
910,21,2016-1-24-58,53.0
911,21,2016-1-24-70,65.0
912,21,2016-1-24-82,49.0
913,21,2016-1-24-94,70.0
914,21,2016-1-24-106,88.0
915,21,2016-1-24-118,84.0
916,21,2016-1-24-130,58.0
917,21,2016-1-24-142,17.0
918,21,2016-1-26-46,104.0
919,21,2016-1-26-58,81.0
920,21,2016-1-26-70,47.0
921,21,2016-1-26-82,40.0
922,21,2016-1-26-94,41.0
923,21,2016-1-26-106,76.0
924,21,2016-1-26-118,59.0
925,21,2016-1-26-130,66.0
926,21,2016-1-26-142,26.0
927,21,2016-1-28-46,0.0
928,21,2016-1-28-58,84.0
929,21,2016-1-28-70,45.0
930,21,2016-1-28-82,46.0
931,21,2016-1-28-94,46.0
932,21,2016-1-28-106,84.0
933,21,2016-1-28-118,56.0
934,21,2016-1-28-130,79.0
935,21,2016-1-28-142,15.0
936,21,2016-1-30-46,74.0
937,21,2016-1-30-58,60.0
938,21,2016-1-30-70,45.0
939,21,2016-1-30-82,69.0
940,21,2016-1-30-94,49.0
941,21,2016-1-30-106,57.0
942,21,2016-1-30-118,71.0
943,21,2016-1-30-130,53.0
944,21,2016-1-30-142,21.0
945,22,2016-1-22-46,26.0
946,22,2016-1-22-58,53.0
947,22,2016-1-22-70,51.0
948,22,2016-1-22-82,51.0
949,22,2016-1-22-94,52.0
950,22,2016-1-22-106,100.0
951,22,2016-1-22-118,69.0
952,22,2016-1-22-130,52.0
953,22,2016-1-22-142,43.0
954,22,2016-1-24-46,0.0
955,22,2016-1-24-58,37.0
956,22,2016-1-24-70,45.0
957,22,2016-1-24-82,35.0
958,22,2016-1-24-94,45.0
959,22,2016-1-24-106,80.0
960,22,2016-1-24-118,67.0
961,22,2016-1-24-130,49.0
962,22,2016-1-24-142,38.0
963,22,2016-1-26-46,35.0
964,22,2016-1-26-58,57.0
965,22,2016-1-26-70,54.0
966,22,2016-1-26-82,40.0
967,22,2016-1-26-94,73.0
968,22,2016-1-26-106,91.0
969,22,2016-1-26-118,78.0
970,22,2016-1-26-130,62.0
971,22,2016-1-26-142,30.0
972,22,2016-1-28-46,0.0
973,22,2016-1-28-58,39.0
974,22,2016-1-28-70,47.0
975,22,2016-1-28-82,38.0
976,22,2016-1-28-94,67.0
977,22,2016-1-28-106,101.0
978,22,2016-1-28-118,57.0
979,22,2016-1-28-130,48.0
980,22,2016-1-28-142,38.0
981,22,2016-1-30-46,17.0
982,22,2016-1-30-58,33.0
983,22,2016-1-30-70,53.0
984,22,2016-1-30-82,52.0
985,22,2016-1-30-94,67.0
986,22,2016-1-30-106,63.0
987,22,2016-1-30-118,52.0
988,22,2016-1-30-130,55.0
989,22,2016-1-30-142,48.0
990,23,2016-1-22-46,448.0
991,23,2016-1-22-58,542.0
992,23,2016-1-22-70,358.0
993,23,2016-1-22-82,332.0
994,23,2016-1-22-94,347.0
995,23,2016-1-22-106,622.0
996,23,2016-1-22-118,354.0
997,23,2016-1-22-130,466.0
998,23,2016-1-22-142,163.0
999,23,2016-1-24-46,0.0
1000,23,2016-1-24-58,269.0
1001,23,2016-1-24-70,326.0
1002,23,2016-1-24-82,408.0
1003,23,2016-1-24-94,333.0
1004,23,2016-1-24-106,435.0
1005,23,2016-1-24-118,367.0
1006,23,2016-1-24-130,473.0
1007,23,2016-1-24-142,135.0
1008,23,2016-1-26-46,550.0
1009,23,2016-1-26-58,593.0
1010,23,2016-1-26-70,337.0
1011,23,2016-1-26-82,401.0
1012,23,2016-1-26-94,414.0
1013,23,2016-1-26-106,622.0
1014,23,2016-1-26-118,348.0
1015,23,2016-1-26-130,406.0
1016,23,2016-1-26-142,135.0
1017,23,2016-1-28-46,0.0
1018,23,2016-1-28-58,510.0
1019,23,2016-1-28-70,448.0
1020,23,2016-1-28-82,387.0
1021,23,2016-1-28-94,458.0
1022,23,2016-1-28-106,601.0
1023,23,2016-1-28-118,413.0
1024,23,2016-1-28-130,419.0
1025,23,2016-1-28-142,175.0
1026,23,2016-1-30-46,164.0
1027,23,2016-1-30-58,364.0
1028,23,2016-1-30-70,410.0
1029,23,2016-1-30-82,547.0
1030,23,2016-1-30-94,451.0
1031,23,2016-1-30-106,474.0
1032,23,2016-1-30-118,300.0
1033,23,2016-1-30-130,399.0
1034,23,2016-1-30-142,155.0
1035,24,2016-1-22-46,215.0
1036,24,2016-1-22-58,273.0
1037,24,2016-1-22-70,114.0
1038,24,2016-1-22-82,126.0
1039,24,2016-1-22-94,88.0
1040,24,2016-1-22-106,107.0
1041,24,2016-1-22-118,74.0
1042,24,2016-1-22-130,88.0
1043,24,2016-1-22-142,40.0
1044,24,2016-1-24-46,0.0
1045,24,2016-1-24-58,156.0
1046,24,2016-1-24-70,154.0
1047,24,2016-1-24-82,125.0
1048,24,2016-1-24-94,100.0
1049,24,2016-1-24-106,105.0
1050,24,2016-1-24-118,113.0
1051,24,2016-1-24-130,93.0
1052,24,2016-1-24-142,44.0
1053,24,2016-1-26-46,169.0
1054,24,2016-1-26-58,237.0
1055,24,2016-1-26-70,92.0
1056,24,2016-1-26-82,126.0
1057,24,2016-1-26-94,81.0
1058,24,2016-1-26-106,99.0
1059,24,2016-1-26-118,79.0
1060,24,2016-1-26-130,72.0
1061,24,2016-1-26-142,41.0
1062,24,2016-1-28-46,0.0
1063,24,2016-1-28-58,251.0
1064,24,2016-1-28-70,84.0
1065,24,2016-1-28-82,125.0
1066,24,2016-1-28-94,79.0
1067,24,2016-1-28-106,124.0
1068,24,2016-1-28-118,87.0
1069,24,2016-1-28-130,72.0
1070,24,2016-1-28-142,34.0
1071,24,2016-1-30-46,71.0
1072,24,2016-1-30-58,110.0
1073,24,2016-1-30-70,129.0
1074,24,2016-1-30-82,157.0
1075,24,2016-1-30-94,91.0
1076,24,2016-1-30-106,124.0
1077,24,2016-1-30-118,87.0
1078,24,2016-1-30-130,88.0
1079,24,2016-1-30-142,49.0
1080,25,2016-1-22-46,38.0
1081,25,2016-1-22-58,102.0
1082,25,2016-1-22-70,39.0
1083,25,2016-1-22-82,48.0
1084,25,2016-1-22-94,31.0
1085,25,2016-1-22-106,52.0
1086,25,2016-1-22-118,58.0
1087,25,2016-1-22-130,27.0
1088,25,2016-1-22-142,31.0
1089,25,2016-1-24-46,0.0
1090,25,2016-1-24-58,34.0
1091,25,2016-1-24-70,52.0
1092,25,2016-1-24-82,63.0
1093,25,2016-1-24-94,47.0
1094,25,2016-1-24-106,56.0
1095,25,2016-1-24-118,50.0
1096,25,2016-1-24-130,38.0
1097,25,2016-1-24-142,36.0
1098,25,2016-1-26-46,42.0
1099,25,2016-1-26-58,90.0
1100,25,2016-1-26-70,37.0
1101,25,2016-1-26-82,40.0
1102,25,2016-1-26-94,51.0
1103,25,2016-1-26-106,40.0
1104,25,2016-1-26-118,55.0
1105,25,2016-1-26-130,34.0
1106,25,2016-1-26-142,31.0
1107,25,2016-1-28-46,0.0
1108,25,2016-1-28-58,94.0
1109,25,2016-1-28-70,41.0
1110,25,2016-1-28-82,45.0
1111,25,2016-1-28-94,43.0
1112,25,2016-1-28-106,54.0
1113,25,2016-1-28-118,51.0
1114,25,2016-1-28-130,26.0
1115,25,2016-1-28-142,21.0
1116,25,2016-1-30-46,24.0
1117,25,2016-1-30-58,37.0
1118,25,2016-1-30-70,51.0
1119,25,2016-1-30-82,41.0
1120,25,2016-1-30-94,34.0
1121,25,2016-1-30-106,60.0
1122,25,2016-1-30-118,61.0
1123,25,2016-1-30-130,29.0
1124,25,2016-1-30-142,22.0
1125,26,2016-1-22-46,41.0
1126,26,2016-1-22-58,219.0
1127,26,2016-1-22-70,32.0
1128,26,2016-1-22-82,48.0
1129,26,2016-1-22-94,35.0
1130,26,2016-1-22-106,107.0
1131,26,2016-1-22-118,214.0
1132,26,2016-1-22-130,42.0
1133,26,2016-1-22-142,7.0
1134,26,2016-1-24-46,0.0
1135,26,2016-1-24-58,30.0
1136,26,2016-1-24-70,55.0
1137,26,2016-1-24-82,55.0
1138,26,2016-1-24-94,45.0
1139,26,2016-1-24-106,39.0
1140,26,2016-1-24-118,19.0
1141,26,2016-1-24-130,23.0
1142,26,2016-1-24-142,7.0
1143,26,2016-1-26-46,54.0
1144,26,2016-1-26-58,150.0
1145,26,2016-1-26-70,30.0
1146,26,2016-1-26-82,41.0
1147,26,2016-1-26-94,26.0
1148,26,2016-1-26-106,51.0
1149,26,2016-1-26-118,77.0
1150,26,2016-1-26-130,69.0
1151,26,2016-1-26-142,24.0
1152,26,2016-1-28-46,0.0
1153,26,2016-1-28-58,110.0
1154,26,2016-1-28-70,32.0
1155,26,2016-1-28-82,37.0
1156,26,2016-1-28-94,26.0
1157,26,2016-1-28-106,42.0
1158,26,2016-1-28-118,82.0
1159,26,2016-1-28-130,42.0
1160,26,2016-1-28-142,16.0
1161,26,2016-1-30-46,19.0
1162,26,2016-1-30-58,54.0
1163,26,2016-1-30-70,40.0
1164,26,2016-1-30-82,57.0
1165,26,2016-1-30-94,43.0
1166,26,2016-1-30-106,52.0
1167,26,2016-1-30-118,25.0
1168,26,2016-1-30-130,30.0
1169,26,2016-1-30-142,6.0
1170,27,2016-1-22-46,74.0
1171,27,2016-1-22-58,88.0
1172,27,2016-1-22-70,80.0
1173,27,2016-1-22-82,96.0
1174,27,2016-1-22-94,80.0
1175,27,2016-1-22-106,130.0
1176,27,2016-1-22-118,101.0
1177,27,2016-1-22-130,88.0
1178,27,2016-1-22-142,57.0
1179,27,2016-1-24-46,0.0
1180,27,2016-1-24-58,72.0
1181,27,2016-1-24-70,82.0
1182,27,2016-1-24-82,98.0
1183,27,2016-1-24-94,112.0
1184,27,2016-1-24-106,137.0
1185,27,2016-1-24-118,95.0
1186,27,2016-1-24-130,88.0
1187,27,2016-1-24-142,71.0
1188,27,2016-1-26-46,92.0
1189,27,2016-1-26-58,84.0
1190,27,2016-1-26-70,85.0
1191,27,2016-1-26-82,103.0
1192,27,2016-1-26-94,82.0
1193,27,2016-1-26-106,141.0
1194,27,2016-1-26-118,93.0
1195,27,2016-1-26-130,105.0
1196,27,2016-1-26-142,64.0
1197,27,2016-1-28-46,0.0
1198,27,2016-1-28-58,100.0
1199,27,2016-1-28-70,67.0
1200,27,2016-1-28-82,108.0
1201,27,2016-1-28-94,97.0
1202,27,2016-1-28-106,158.0
1203,27,2016-1-28-118,92.0
1204,27,2016-1-28-130,84.0
1205,27,2016-1-28-142,57.0
1206,27,2016-1-30-46,48.0
1207,27,2016-1-30-58,76.0
1208,27,2016-1-30-70,87.0
1209,27,2016-1-30-82,102.0
1210,27,2016-1-30-94,81.0
1211,27,2016-1-30-106,133.0
1212,27,2016-1-30-118,107.0
1213,27,2016-1-30-130,75.0
1214,27,2016-1-30-142,65.0
1215,28,2016-1-22-46,198.0
1216,28,2016-1-22-58,408.0
1217,28,2016-1-22-70,144.0
1218,28,2016-1-22-82,200.0
1219,28,2016-1-22-94,146.0
1220,28,2016-1-22-106,335.0
1221,28,2016-1-22-118,299.0
1222,28,2016-1-22-130,477.0
1223,28,2016-1-22-142,101.0
1224,28,2016-1-24-46,0.0
1225,28,2016-1-24-58,168.0
1226,28,2016-1-24-70,180.0
1227,28,2016-1-24-82,246.0
1228,28,2016-1-24-94,187.0
1229,28,2016-1-24-106,284.0
1230,28,2016-1-24-118,236.0
1231,28,2016-1-24-130,256.0
1232,28,2016-1-24-142,93.0
1233,28,2016-1-26-46,241.0
1234,28,2016-1-26-58,406.0
1235,28,2016-1-26-70,174.0
1236,28,2016-1-26-82,208.0
1237,28,2016-1-26-94,154.0
1238,28,2016-1-26-106,272.0
1239,28,2016-1-26-118,194.0
1240,28,2016-1-26-130,306.0
1241,28,2016-1-26-142,83.0
1242,28,2016-1-28-46,0.0
1243,28,2016-1-28-58,417.0
1244,28,2016-1-28-70,187.0
1245,28,2016-1-28-82,171.0
1246,28,2016-1-28-94,173.0
1247,28,2016-1-28-106,239.0
1248,28,2016-1-28-118,221.0
1249,28,2016-1-28-130,470.0
1250,28,2016-1-28-142,80.0
1251,28,2016-1-30-46,96.0
1252,28,2016-1-30-58,222.0
1253,28,2016-1-30-70,205.0
1254,28,2016-1-30-82,231.0
1255,28,2016-1-30-94,215.0
1256,28,2016-1-30-106,273.0
1257,28,2016-1-30-118,182.0
1258,28,2016-1-30-130,284.0
1259,28,2016-1-30-142,88.0
1260,29,2016-1-22-46,54.0
1261,29,2016-1-22-58,56.0
1262,29,2016-1-22-70,35.0
1263,29,2016-1-22-82,42.0
1264,29,2016-1-22-94,20.0
1265,29,2016-1-22-106,40.0
1266,29,2016-1-22-118,24.0
1267,29,2016-1-22-130,15.0
1268,29,2016-1-22-142,7.0
1269,29,2016-1-24-46,0.0
1270,29,2016-1-24-58,54.0
1271,29,2016-1-24-70,50.0
1272,29,2016-1-24-82,49.0
1273,29,2016-1-24-94,31.0
1274,29,2016-1-24-106,43.0
1275,29,2016-1-24-118,29.0
1276,29,2016-1-24-130,31.0
1277,29,2016-1-24-142,16.0
1278,29,2016-1-26-46,46.0
1279,29,2016-1-26-58,34.0
1280,29,2016-1-26-70,33.0
1281,29,2016-1-26-82,36.0
1282,29,2016-1-26-94,23.0
1283,29,2016-1-26-106,49.0
1284,29,2016-1-26-118,28.0
1285,29,2016-1-26-130,26.0
1286,29,2016-1-26-142,7.0
1287,29,2016-1-28-46,0.0
1288,29,2016-1-28-58,40.0
1289,29,2016-1-28-70,37.0
1290,29,2016-1-28-82,46.0
1291,29,2016-1-28-94,24.0
1292,29,2016-1-28-106,27.0
1293,29,2016-1-28-118,32.0
1294,29,2016-1-28-130,14.0
1295,29,2016-1-28-142,10.0
1296,29,2016-1-30-46,23.0
1297,29,2016-1-30-58,30.0
1298,29,2016-1-30-70,40.0
1299,29,2016-1-30-82,32.0
1300,29,2016-1-30-94,19.0
1301,29,2016-1-30-106,16.0
1302,29,2016-1-30-118,22.0
1303,29,2016-1-30-130,21.0
1304,29,2016-1-30-142,5.0
1305,30,2016-1-22-46,6.0
1306,30,2016-1-22-58,7.0
1307,30,2016-1-22-70,5.0
1308,30,2016-1-22-82,2.0
1309,30,2016-1-22-94,3.0
1310,30,2016-1-22-106,5.0
1311,30,2016-1-22-118,1.0
1312,30,2016-1-22-130,1.0
1313,30,2016-1-22-142,2.0
1314,30,2016-1-24-46,0.0
1315,30,2016-1-24-58,0.0
1316,30,2016-1-24-70,8.0
1317,30,2016-1-24-82,3.0
1318,30,2016-1-24-94,2.0
1319,30,2016-1-24-106,4.0
1320,30,2016-1-24-118,5.0
1321,30,2016-1-24-130,5.0
1322,30,2016-1-24-142,0.0
1323,30,2016-1-26-46,6.0
1324,30,2016-1-26-58,4.0
1325,30,2016-1-26-70,1.0
1326,30,2016-1-26-82,3.0
1327,30,2016-1-26-94,1.0
1328,30,2016-1-26-106,7.0
1329,30,2016-1-26-118,3.0
1330,30,2016-1-26-130,7.0
1331,30,2016-1-26-142,1.0
1332,30,2016-1-28-46,0.0
1333,30,2016-1-28-58,6.0
1334,30,2016-1-28-70,0.0
1335,30,2016-1-28-82,2.0
1336,30,2016-1-28-94,3.0
1337,30,2016-1-28-106,3.0
1338,30,2016-1-28-118,1.0
1339,30,2016-1-28-130,8.0
1340,30,2016-1-28-142,1.0
1341,30,2016-1-30-46,1.0
1342,30,2016-1-30-58,4.0
1343,30,2016-1-30-70,1.0
1344,30,2016-1-30-82,2.0
1345,30,2016-1-30-94,3.0
1346,30,2016-1-30-106,3.0
1347,30,2016-1-30-118,6.0
1348,30,2016-1-30-130,5.0
1349,30,2016-1-30-142,1.0
1350,31,2016-1-22-46,29.0
1351,31,2016-1-22-58,32.0
1352,31,2016-1-22-70,16.0
1353,31,2016-1-22-82,4.0
1354,31,2016-1-22-94,8.0
1355,31,2016-1-22-106,23.0
1356,31,2016-1-22-118,17.0
1357,31,2016-1-22-130,7.0
1358,31,2016-1-22-142,8.0
1359,31,2016-1-24-46,0.0
1360,31,2016-1-24-58,24.0
1361,31,2016-1-24-70,11.0
1362,31,2016-1-24-82,21.0
1363,31,2016-1-24-94,9.0
1364,31,2016-1-24-106,13.0
1365,31,2016-1-24-118,15.0
1366,31,2016-1-24-130,8.0
1367,31,2016-1-24-142,10.0
1368,31,2016-1-26-46,26.0
1369,31,2016-1-26-58,26.0
1370,31,2016-1-26-70,18.0
1371,31,2016-1-26-82,10.0
1372,31,2016-1-26-94,17.0
1373,31,2016-1-26-106,14.0
1374,31,2016-1-26-118,8.0
1375,31,2016-1-26-130,13.0
1376,31,2016-1-26-142,0.0
1377,31,2016-1-28-46,0.0
1378,31,2016-1-28-58,22.0
1379,31,2016-1-28-70,10.0
1380,31,2016-1-28-82,12.0
1381,31,2016-1-28-94,8.0
1382,31,2016-1-28-106,11.0
1383,31,2016-1-28-118,7.0
1384,31,2016-1-28-130,8.0
1385,31,2016-1-28-142,9.0
1386,31,2016-1-30-46,12.0
1387,31,2016-1-30-58,16.0
1388,31,2016-1-30-70,12.0
1389,31,2016-1-30-82,15.0
1390,31,2016-1-30-94,10.0
1391,31,2016-1-30-106,24.0
1392,31,2016-1-30-118,8.0
1393,31,2016-1-30-130,2.0
1394,31,2016-1-30-142,9.0
1395,32,2016-1-22-46,6.0
1396,32,2016-1-22-58,3.0
1397,32,2016-1-22-70,2.0
1398,32,2016-1-22-82,4.0
1399,32,2016-1-22-94,2.0
1400,32,2016-1-22-106,2.0
1401,32,2016-1-22-118,3.0
1402,32,2016-1-22-130,5.0
1403,32,2016-1-22-142,2.0
1404,32,2016-1-24-46,0.0
1405,32,2016-1-24-58,2.0
1406,32,2016-1-24-70,4.0
1407,32,2016-1-24-82,3.0
1408,32,2016-1-24-94,0.0
1409,32,2016-1-24-106,4.0
1410,32,2016-1-24-118,5.0
1411,32,2016-1-24-130,2.0
1412,32,2016-1-24-142,0.0
1413,32,2016-1-26-46,9.0
1414,32,2016-1-26-58,2.0
1415,32,2016-1-26-70,1.0
1416,32,2016-1-26-82,2.0
1417,32,2016-1-26-94,2.0
1418,32,2016-1-26-106,6.0
1419,32,2016-1-26-118,4.0
1420,32,2016-1-26-130,2.0
1421,32,2016-1-26-142,1.0
1422,32,2016-1-28-46,0.0
1423,32,2016-1-28-58,3.0
1424,32,2016-1-28-70,4.0
1425,32,2016-1-28-82,1.0
1426,32,2016-1-28-94,5.0
1427,32,2016-1-28-106,3.0
1428,32,2016-1-28-118,2.0
1429,32,2016-1-28-130,1.0
1430,32,2016-1-28-142,1.0
1431,32,2016-1-30-46,2.0
1432,32,2016-1-30-58,3.0
1433,32,2016-1-30-70,6.0
1434,32,2016-1-30-82,2.0
1435,32,2016-1-30-94,5.0
1436,32,2016-1-30-106,2.0
1437,32,2016-1-30-118,7.0
1438,32,2016-1-30-130,2.0
1439,32,2016-1-30-142,1.0
1440,33,2016-1-22-46,11.0
1441,33,2016-1-22-58,7.0
1442,33,2016-1-22-70,12.0
1443,33,2016-1-22-82,19.0
1444,33,2016-1-22-94,9.0
1445,33,2016-1-22-106,10.0
1446,33,2016-1-22-118,7.0
1447,33,2016-1-22-130,3.0
1448,33,2016-1-22-142,9.0
1449,33,2016-1-24-46,0.0
1450,33,2016-1-24-58,6.0
1451,33,2016-1-24-70,11.0
1452,33,2016-1-24-82,13.0
1453,33,2016-1-24-94,11.0
1454,33,2016-1-24-106,11.0
1455,33,2016-1-24-118,11.0
1456,33,2016-1-24-130,10.0
1457,33,2016-1-24-142,5.0
1458,33,2016-1-26-46,13.0
1459,33,2016-1-26-58,17.0
1460,33,2016-1-26-70,15.0
1461,33,2016-1-26-82,14.0
1462,33,2016-1-26-94,14.0
1463,33,2016-1-26-106,6.0
1464,33,2016-1-26-118,9.0
1465,33,2016-1-26-130,10.0
1466,33,2016-1-26-142,8.0
1467,33,2016-1-28-46,0.0
1468,33,2016-1-28-58,9.0
1469,33,2016-1-28-70,11.0
1470,33,2016-1-28-82,13.0
1471,33,2016-1-28-94,16.0
1472,33,2016-1-28-106,7.0
1473,33,2016-1-28-118,7.0
1474,33,2016-1-28-130,8.0
1475,33,2016-1-28-142,4.0
1476,33,2016-1-30-46,9.0
1477,33,2016-1-30-58,11.0
1478,33,2016-1-30-70,5.0
1479,33,2016-1-30-82,10.0
1480,33,2016-1-30-94,16.0
1481,33,2016-1-30-106,14.0
1482,33,2016-1-30-118,7.0
1483,33,2016-1-30-130,16.0
1484,33,2016-1-30-142,9.0
1485,34,2016-1-22-46,8.0
1486,34,2016-1-22-58,7.0
1487,34,2016-1-22-70,10.0
1488,34,2016-1-22-82,4.0
1489,34,2016-1-22-94,6.0
1490,34,2016-1-22-106,6.0
1491,34,2016-1-22-118,5.0
1492,34,2016-1-22-130,5.0
1493,34,2016-1-22-142,1.0
1494,34,2016-1-24-46,0.0
1495,34,2016-1-24-58,9.0
1496,34,2016-1-24-70,13.0
1497,34,2016-1-24-82,12.0
1498,34,2016-1-24-94,8.0
1499,34,2016-1-24-106,9.0
1500,34,2016-1-24-118,8.0
1501,34,2016-1-24-130,5.0
1502,34,2016-1-24-142,2.0
1503,34,2016-1-26-46,12.0
1504,34,2016-1-26-58,8.0
1505,34,2016-1-26-70,4.0
1506,34,2016-1-26-82,5.0
1507,34,2016-1-26-94,2.0
1508,34,2016-1-26-106,10.0
1509,34,2016-1-26-118,3.0
1510,34,2016-1-26-130,7.0
1511,34,2016-1-26-142,0.0
1512,34,2016-1-28-46,0.0
1513,34,2016-1-28-58,7.0
1514,34,2016-1-28-70,4.0
1515,34,2016-1-28-82,10.0
1516,34,2016-1-28-94,6.0
1517,34,2016-1-28-106,9.0
1518,34,2016-1-28-118,9.0
1519,34,2016-1-28-130,8.0
1520,34,2016-1-28-142,1.0
1521,34,2016-1-30-46,4.0
1522,34,2016-1-30-58,4.0
1523,34,2016-1-30-70,7.0
1524,34,2016-1-30-82,7.0
1525,34,2016-1-30-94,10.0
1526,34,2016-1-30-106,15.0
1527,34,2016-1-30-118,7.0
1528,34,2016-1-30-130,5.0
1529,34,2016-1-30-142,5.0
1530,35,2016-1-22-46,12.0
1531,35,2016-1-22-58,59.0
1532,35,2016-1-22-70,21.0
1533,35,2016-1-22-82,35.0
1534,35,2016-1-22-94,13.0
1535,35,2016-1-22-106,41.0
1536,35,2016-1-22-118,35.0
1537,35,2016-1-22-130,24.0
1538,35,2016-1-22-142,6.0
1539,35,2016-1-24-46,0.0
1540,35,2016-1-24-58,18.0
1541,35,2016-1-24-70,16.0
1542,35,2016-1-24-82,14.0
1543,35,2016-1-24-94,30.0
1544,35,2016-1-24-106,28.0
1545,35,2016-1-24-118,11.0
1546,35,2016-1-24-130,8.0
1547,35,2016-1-24-142,2.0
1548,35,2016-1-26-46,16.0
1549,35,2016-1-26-58,37.0
1550,35,2016-1-26-70,13.0
1551,35,2016-1-26-82,15.0
1552,35,2016-1-26-94,12.0
1553,35,2016-1-26-106,48.0
1554,35,2016-1-26-118,31.0
1555,35,2016-1-26-130,7.0
1556,35,2016-1-26-142,4.0
1557,35,2016-1-28-46,0.0
1558,35,2016-1-28-58,41.0
1559,35,2016-1-28-70,14.0
1560,35,2016-1-28-82,17.0
1561,35,2016-1-28-94,12.0
1562,35,2016-1-28-106,27.0
1563,35,2016-1-28-118,31.0
1564,35,2016-1-28-130,23.0
1565,35,2016-1-28-142,3.0
1566,35,2016-1-30-46,12.0
1567,35,2016-1-30-58,24.0
1568,35,2016-1-30-70,16.0
1569,35,2016-1-30-82,19.0
1570,35,2016-1-30-94,12.0
1571,35,2016-1-30-106,25.0
1572,35,2016-1-30-118,17.0
1573,35,2016-1-30-130,4.0
1574,35,2016-1-30-142,3.0
1575,36,2016-1-22-46,32.0
1576,36,2016-1-22-58,28.0
1577,36,2016-1-22-70,17.0
1578,36,2016-1-22-82,18.0
1579,36,2016-1-22-94,18.0
1580,36,2016-1-22-106,38.0
1581,36,2016-1-22-118,19.0
1582,36,2016-1-22-130,14.0
1583,36,2016-1-22-142,4.0
1584,36,2016-1-24-46,0.0
1585,36,2016-1-24-58,14.0
1586,36,2016-1-24-70,25.0
1587,36,2016-1-24-82,29.0
1588,36,2016-1-24-94,23.0
1589,36,2016-1-24-106,34.0
1590,36,2016-1-24-118,16.0
1591,36,2016-1-24-130,11.0
1592,36,2016-1-24-142,4.0
1593,36,2016-1-26-46,35.0
1594,36,2016-1-26-58,24.0
1595,36,2016-1-26-70,14.0
1596,36,2016-1-26-82,11.0
1597,36,2016-1-26-94,12.0
1598,36,2016-1-26-106,32.0
1599,36,2016-1-26-118,18.0
1600,36,2016-1-26-130,13.0
1601,36,2016-1-26-142,3.0
1602,36,2016-1-28-46,0.0
1603,36,2016-1-28-58,18.0
1604,36,2016-1-28-70,18.0
1605,36,2016-1-28-82,22.0
1606,36,2016-1-28-94,13.0
1607,36,2016-1-28-106,45.0
1608,36,2016-1-28-118,12.0
1609,36,2016-1-28-130,9.0
1610,36,2016-1-28-142,5.0
1611,36,2016-1-30-46,37.0
1612,36,2016-1-30-58,18.0
1613,36,2016-1-30-70,12.0
1614,36,2016-1-30-82,18.0
1615,36,2016-1-30-94,17.0
1616,36,2016-1-30-106,29.0
1617,36,2016-1-30-118,26.0
1618,36,2016-1-30-130,7.0
1619,36,2016-1-30-142,3.0
1620,37,2016-1-22-46,240.0
1621,37,2016-1-22-58,688.0
1622,37,2016-1-22-70,173.0
1623,37,2016-1-22-82,201.0
1624,37,2016-1-22-94,212.0
1625,37,2016-1-22-106,540.0
1626,37,2016-1-22-118,186.0
1627,37,2016-1-22-130,247.0
1628,37,2016-1-22-142,68.0
1629,37,2016-1-24-46,0.0
1630,37,2016-1-24-58,139.0
1631,37,2016-1-24-70,263.0
1632,37,2016-1-24-82,217.0
1633,37,2016-1-24-94,216.0
1634,37,2016-1-24-106,210.0
1635,37,2016-1-24-118,143.0
1636,37,2016-1-24-130,164.0
1637,37,2016-1-24-142,54.0
1638,37,2016-1-26-46,230.0
1639,37,2016-1-26-58,495.0
1640,37,2016-1-26-70,178.0
1641,37,2016-1-26-82,217.0
1642,37,2016-1-26-94,161.0
1643,37,2016-1-26-106,249.0
1644,37,2016-1-26-118,170.0
1645,37,2016-1-26-130,243.0
1646,37,2016-1-26-142,55.0
1647,37,2016-1-28-46,0.0
1648,37,2016-1-28-58,448.0
1649,37,2016-1-28-70,176.0
1650,37,2016-1-28-82,195.0
1651,37,2016-1-28-94,206.0
1652,37,2016-1-28-106,291.0
1653,37,2016-1-28-118,190.0
1654,37,2016-1-28-130,245.0
1655,37,2016-1-28-142,59.0
1656,37,2016-1-30-46,74.0
1657,37,2016-1-30-58,193.0
1658,37,2016-1-30-70,273.0
1659,37,2016-1-30-82,329.0
1660,37,2016-1-30-94,184.0
1661,37,2016-1-30-106,252.0
1662,37,2016-1-30-118,136.0
1663,37,2016-1-30-130,178.0
1664,37,2016-1-30-142,77.0
1665,38,2016-1-22-46,27.0
1666,38,2016-1-22-58,13.0
1667,38,2016-1-22-70,12.0
1668,38,2016-1-22-82,6.0
1669,38,2016-1-22-94,11.0
1670,38,2016-1-22-106,15.0
1671,38,2016-1-22-118,10.0
1672,38,2016-1-22-130,14.0
1673,38,2016-1-22-142,3.0
1674,38,2016-1-24-46,0.0
1675,38,2016-1-24-58,13.0
1676,38,2016-1-24-70,17.0
1677,38,2016-1-24-82,25.0
1678,38,2016-1-24-94,15.0
1679,38,2016-1-24-106,13.0
1680,38,2016-1-24-118,10.0
1681,38,2016-1-24-130,7.0
1682,38,2016-1-24-142,2.0
1683,38,2016-1-26-46,26.0
1684,38,2016-1-26-58,19.0
1685,38,2016-1-26-70,8.0
1686,38,2016-1-26-82,11.0
1687,38,2016-1-26-94,11.0
1688,38,2016-1-26-106,13.0
1689,38,2016-1-26-118,10.0
1690,38,2016-1-26-130,11.0
1691,38,2016-1-26-142,8.0
1692,38,2016-1-28-46,0.0
1693,38,2016-1-28-58,14.0
1694,38,2016-1-28-70,13.0
1695,38,2016-1-28-82,8.0
1696,38,2016-1-28-94,10.0
1697,38,2016-1-28-106,16.0
1698,38,2016-1-28-118,3.0
1699,38,2016-1-28-130,3.0
1700,38,2016-1-28-142,2.0
1701,38,2016-1-30-46,9.0
1702,38,2016-1-30-58,8.0
1703,38,2016-1-30-70,12.0
1704,38,2016-1-30-82,13.0
1705,38,2016-1-30-94,5.0
1706,38,2016-1-30-106,14.0
1707,38,2016-1-30-118,10.0
1708,38,2016-1-30-130,20.0
1709,38,2016-1-30-142,11.0
1710,39,2016-1-22-46,3.0
1711,39,2016-1-22-58,11.0
1712,39,2016-1-22-70,14.0
1713,39,2016-1-22-82,10.0
1714,39,2016-1-22-94,8.0
1715,39,2016-1-22-106,15.0
1716,39,2016-1-22-118,2.0
1717,39,2016-1-22-130,13.0
1718,39,2016-1-22-142,8.0
1719,39,2016-1-24-46,0.0
1720,39,2016-1-24-58,6.0
1721,39,2016-1-24-70,7.0
1722,39,2016-1-24-82,5.0
1723,39,2016-1-24-94,5.0
1724,39,2016-1-24-106,20.0
1725,39,2016-1-24-118,19.0
1726,39,2016-1-24-130,16.0
1727,39,2016-1-24-142,10.0
1728,39,2016-1-26-46,6.0
1729,39,2016-1-26-58,3.0
1730,39,2016-1-26-70,5.0
1731,39,2016-1-26-82,6.0
1732,39,2016-1-26-94,10.0
1733,39,2016-1-26-106,15.0
1734,39,2016-1-26-118,12.0
1735,39,2016-1-26-130,11.0
1736,39,2016-1-26-142,7.0
1737,39,2016-1-28-46,0.0
1738,39,2016-1-28-58,5.0
1739,39,2016-1-28-70,9.0
1740,39,2016-1-28-82,9.0
1741,39,2016-1-28-94,9.0
1742,39,2016-1-28-106,10.0
1743,39,2016-1-28-118,5.0
1744,39,2016-1-28-130,15.0
1745,39,2016-1-28-142,6.0
1746,39,2016-1-30-46,2.0
1747,39,2016-1-30-58,6.0
1748,39,2016-1-30-70,5.0
1749,39,2016-1-30-82,3.0
1750,39,2016-1-30-94,4.0
1751,39,2016-1-30-106,7.0
1752,39,2016-1-30-118,6.0
1753,39,2016-1-30-130,12.0
1754,39,2016-1-30-142,7.0
1755,40,2016-1-22-46,11.0
1756,40,2016-1-22-58,14.0
1757,40,2016-1-22-70,6.0
1758,40,2016-1-22-82,6.0
1759,40,2016-1-22-94,5.0
1760,40,2016-1-22-106,8.0
1761,40,2016-1-22-118,5.0
1762,40,2016-1-22-130,7.0
1763,40,2016-1-22-142,7.0
1764,40,2016-1-24-46,0.0
1765,40,2016-1-24-58,13.0
1766,40,2016-1-24-70,9.0
1767,40,2016-1-24-82,5.0
1768,40,2016-1-24-94,8.0
1769,40,2016-1-24-106,10.0
1770,40,2016-1-24-118,12.0
1771,40,2016-1-24-130,11.0
1772,40,2016-1-24-142,3.0
1773,40,2016-1-26-46,11.0
1774,40,2016-1-26-58,6.0
1775,40,2016-1-26-70,0.0
1776,40,2016-1-26-82,15.0
1777,40,2016-1-26-94,3.0
1778,40,2016-1-26-106,4.0
1779,40,2016-1-26-118,12.0
1780,40,2016-1-26-130,2.0
1781,40,2016-1-26-142,4.0
1782,40,2016-1-28-46,0.0
1783,40,2016-1-28-58,12.0
1784,40,2016-1-28-70,3.0
1785,40,2016-1-28-82,11.0
1786,40,2016-1-28-94,10.0
1787,40,2016-1-28-106,2.0
1788,40,2016-1-28-118,5.0
1789,40,2016-1-28-130,8.0
1790,40,2016-1-28-142,2.0
1791,40,2016-1-30-46,6.0
1792,40,2016-1-30-58,13.0
1793,40,2016-1-30-70,12.0
1794,40,2016-1-30-82,8.0
1795,40,2016-1-30-94,9.0
1796,40,2016-1-30-106,10.0
1797,40,2016-1-30-118,7.0
1798,40,2016-1-30-130,11.0
1799,40,2016-1-30-142,2.0
1800,41,2016-1-22-46,17.0
1801,41,2016-1-22-58,27.0
1802,41,2016-1-22-70,13.0
1803,41,2016-1-22-82,6.0
1804,41,2016-1-22-94,8.0
1805,41,2016-1-22-106,10.0
1806,41,2016-1-22-118,7.0
1807,41,2016-1-22-130,6.0
1808,41,2016-1-22-142,4.0
1809,41,2016-1-24-46,0.0
1810,41,2016-1-24-58,17.0
1811,41,2016-1-24-70,16.0
1812,41,2016-1-24-82,10.0
1813,41,2016-1-24-94,15.0
1814,41,2016-1-24-106,20.0
1815,41,2016-1-24-118,9.0
1816,41,2016-1-24-130,17.0
1817,41,2016-1-24-142,4.0
1818,41,2016-1-26-46,11.0
1819,41,2016-1-26-58,26.0
1820,41,2016-1-26-70,18.0
1821,41,2016-1-26-82,9.0
1822,41,2016-1-26-94,6.0
1823,41,2016-1-26-106,12.0
1824,41,2016-1-26-118,6.0
1825,41,2016-1-26-130,9.0
1826,41,2016-1-26-142,4.0
1827,41,2016-1-28-46,0.0
1828,41,2016-1-28-58,15.0
1829,41,2016-1-28-70,11.0
1830,41,2016-1-28-82,18.0
1831,41,2016-1-28-94,7.0
1832,41,2016-1-28-106,15.0
1833,41,2016-1-28-118,10.0
1834,41,2016-1-28-130,5.0
1835,41,2016-1-28-142,3.0
1836,41,2016-1-30-46,4.0
1837,41,2016-1-30-58,15.0
1838,41,2016-1-30-70,13.0
1839,41,2016-1-30-82,13.0
1840,41,2016-1-30-94,4.0
1841,41,2016-1-30-106,12.0
1842,41,2016-1-30-118,8.0
1843,41,2016-1-30-130,7.0
1844,41,2016-1-30-142,4.0
1845,42,2016-1-22-46,106.0
1846,42,2016-1-22-58,116.0
1847,42,2016-1-22-70,87.0
1848,42,2016-1-22-82,100.0
1849,42,2016-1-22-94,93.0
1850,42,2016-1-22-106,139.0
1851,42,2016-1-22-118,116.0
1852,42,2016-1-22-130,108.0
1853,42,2016-1-22-142,140.0
1854,42,2016-1-24-46,0.0
1855,42,2016-1-24-58,102.0
1856,42,2016-1-24-70,85.0
1857,42,2016-1-24-82,93.0
1858,42,2016-1-24-94,120.0
1859,42,2016-1-24-106,156.0
1860,42,2016-1-24-118,89.0
1861,42,2016-1-24-130,103.0
1862,42,2016-1-24-142,47.0
1863,42,2016-1-26-46,110.0
1864,42,2016-1-26-58,101.0
1865,42,2016-1-26-70,109.0
1866,42,2016-1-26-82,98.0
1867,42,2016-1-26-94,97.0
1868,42,2016-1-26-106,138.0
1869,42,2016-1-26-118,93.0
1870,42,2016-1-26-130,97.0
1871,42,2016-1-26-142,45.0
1872,42,2016-1-28-46,0.0
1873,42,2016-1-28-58,132.0
1874,42,2016-1-28-70,94.0
1875,42,2016-1-28-82,92.0
1876,42,2016-1-28-94,85.0
1877,42,2016-1-28-106,120.0
1878,42,2016-1-28-118,101.0
1879,42,2016-1-28-130,78.0
1880,42,2016-1-28-142,57.0
1881,42,2016-1-30-46,69.0
1882,42,2016-1-30-58,78.0
1883,42,2016-1-30-70,109.0
1884,42,2016-1-30-82,112.0
1885,42,2016-1-30-94,68.0
1886,42,2016-1-30-106,101.0
1887,42,2016-1-30-118,96.0
1888,42,2016-1-30-130,90.0
1889,42,2016-1-30-142,48.0
1890,43,2016-1-22-46,1.0
1891,43,2016-1-22-58,1.0
1892,43,2016-1-22-70,2.0
1893,43,2016-1-22-82,1.0
1894,43,2016-1-22-94,5.0
1895,43,2016-1-22-106,8.0
1896,43,2016-1-22-118,3.0
1897,43,2016-1-22-130,2.0
1898,43,2016-1-22-142,0.0
1899,43,2016-1-24-46,0.0
1900,43,2016-1-24-58,3.0
1901,43,2016-1-24-70,1.0
1902,43,2016-1-24-82,2.0
1903,43,2016-1-24-94,2.0
1904,43,2016-1-24-106,2.0
1905,43,2016-1-24-118,3.0
1906,43,2016-1-24-130,7.0
1907,43,2016-1-24-142,3.0
1908,43,2016-1-26-46,2.0
1909,43,2016-1-26-58,2.0
1910,43,2016-1-26-70,4.0
1911,43,2016-1-26-82,1.0
1912,43,2016-1-26-94,4.0
1913,43,2016-1-26-106,3.0
1914,43,2016-1-26-118,2.0
1915,43,2016-1-26-130,5.0
1916,43,2016-1-26-142,2.0
1917,43,2016-1-28-46,0.0
1918,43,2016-1-28-58,1.0
1919,43,2016-1-28-70,0.0
1920,43,2016-1-28-82,2.0
1921,43,2016-1-28-94,1.0
1922,43,2016-1-28-106,6.0
1923,43,2016-1-28-118,3.0
1924,43,2016-1-28-130,6.0
1925,43,2016-1-28-142,0.0
1926,43,2016-1-30-46,3.0
1927,43,2016-1-30-58,5.0
1928,43,2016-1-30-70,5.0
1929,43,2016-1-30-82,0.0
1930,43,2016-1-30-94,2.0
1931,43,2016-1-30-106,5.0
1932,43,2016-1-30-118,2.0
1933,43,2016-1-30-130,4.0
1934,43,2016-1-30-142,0.0
1935,44,2016-1-22-46,3.0
1936,44,2016-1-22-58,4.0
1937,44,2016-1-22-70,1.0
1938,44,2016-1-22-82,1.0
1939,44,2016-1-22-94,2.0
1940,44,2016-1-22-106,3.0
1941,44,2016-1-22-118,2.0
1942,44,2016-1-22-130,2.0
1943,44,2016-1-22-142,0.0
1944,44,2016-1-24-46,0.0
1945,44,2016-1-24-58,2.0
1946,44,2016-1-24-70,1.0
1947,44,2016-1-24-82,0.0
1948,44,2016-1-24-94,2.0
1949,44,2016-1-24-106,5.0
1950,44,2016-1-24-118,1.0
1951,44,2016-1-24-130,0.0
1952,44,2016-1-24-142,1.0
1953,44,2016-1-26-46,27.0
1954,44,2016-1-26-58,2.0
1955,44,2016-1-26-70,1.0
1956,44,2016-1-26-82,0.0
1957,44,2016-1-26-94,2.0
1958,44,2016-1-26-106,5.0
1959,44,2016-1-26-118,3.0
1960,44,2016-1-26-130,0.0
1961,44,2016-1-26-142,0.0
1962,44,2016-1-28-46,0.0
1963,44,2016-1-28-58,0.0
1964,44,2016-1-28-70,1.0
1965,44,2016-1-28-82,0.0
1966,44,2016-1-28-94,0.0
1967,44,2016-1-28-106,0.0
1968,44,2016-1-28-118,1.0
1969,44,2016-1-28-130,1.0
1970,44,2016-1-28-142,2.0
1971,44,2016-1-30-46,2.0
1972,44,2016-1-30-58,2.0
1973,44,2016-1-30-70,0.0
1974,44,2016-1-30-82,2.0
1975,44,2016-1-30-94,1.0
1976,44,2016-1-30-106,6.0
1977,44,2016-1-30-118,1.0
1978,44,2016-1-30-130,0.0
1979,44,2016-1-30-142,1.0
1980,45,2016-1-22-46,9.0
1981,45,2016-1-22-58,3.0
1982,45,2016-1-22-70,5.0
1983,45,2016-1-22-82,13.0
1984,45,2016-1-22-94,12.0
1985,45,2016-1-22-106,15.0
1986,45,2016-1-22-118,3.0
1987,45,2016-1-22-130,2.0
1988,45,2016-1-22-142,1.0
1989,45,2016-1-24-46,0.0
1990,45,2016-1-24-58,7.0
1991,45,2016-1-24-70,8.0
1992,45,2016-1-24-82,14.0
1993,45,2016-1-24-94,8.0
1994,45,2016-1-24-106,13.0
1995,45,2016-1-24-118,2.0
1996,45,2016-1-24-130,1.0
1997,45,2016-1-24-142,1.0
1998,45,2016-1-26-46,7.0
1999,45,2016-1-26-58,5.0
2000,45,2016-1-26-70,5.0
2001,45,2016-1-26-82,3.0
2002,45,2016-1-26-94,5.0
2003,45,2016-1-26-106,13.0
2004,45,2016-1-26-118,9.0
2005,45,2016-1-26-130,4.0
2006,45,2016-1-26-142,1.0
2007,45,2016-1-28-46,0.0
2008,45,2016-1-28-58,5.0
2009,45,2016-1-28-70,2.0
2010,45,2016-1-28-82,1.0
2011,45,2016-1-28-94,5.0
2012,45,2016-1-28-106,12.0
2013,45,2016-1-28-118,6.0
2014,45,2016-1-28-130,2.0
2015,45,2016-1-28-142,0.0
2016,45,2016-1-30-46,1.0
2017,45,2016-1-30-58,11.0
2018,45,2016-1-30-70,5.0
2019,45,2016-1-30-82,6.0
2020,45,2016-1-30-94,6.0
2021,45,2016-1-30-106,15.0
2022,45,2016-1-30-118,5.0
2023,45,2016-1-30-130,1.0
2024,45,2016-1-30-142,4.0
2025,46,2016-1-22-46,276.0
2026,46,2016-1-22-58,351.0
2027,46,2016-1-22-70,136.0
2028,46,2016-1-22-82,119.0
2029,46,2016-1-22-94,110.0
2030,46,2016-1-22-106,249.0
2031,46,2016-1-22-118,189.0
2032,46,2016-1-22-130,203.0
2033,46,2016-1-22-142,50.0
2034,46,2016-1-24-46,0.0
2035,46,2016-1-24-58,157.0
2036,46,2016-1-24-70,228.0
2037,46,2016-1-24-82,177.0
2038,46,2016-1-24-94,119.0
2039,46,2016-1-24-106,162.0
2040,46,2016-1-24-118,124.0
2041,46,2016-1-24-130,127.0
2042,46,2016-1-24-142,42.0
2043,46,2016-1-26-46,270.0
2044,46,2016-1-26-58,316.0
2045,46,2016-1-26-70,135.0
2046,46,2016-1-26-82,138.0
2047,46,2016-1-26-94,79.0
2048,46,2016-1-26-106,167.0
2049,46,2016-1-26-118,164.0
2050,46,2016-1-26-130,153.0
2051,46,2016-1-26-142,36.0
2052,46,2016-1-28-46,0.0
2053,46,2016-1-28-58,327.0
2054,46,2016-1-28-70,112.0
2055,46,2016-1-28-82,112.0
2056,46,2016-1-28-94,82.0
2057,46,2016-1-28-106,219.0
2058,46,2016-1-28-118,124.0
2059,46,2016-1-28-130,159.0
2060,46,2016-1-28-142,51.0
2061,46,2016-1-30-46,79.0
2062,46,2016-1-30-58,231.0
2063,46,2016-1-30-70,225.0
2064,46,2016-1-30-82,212.0
2065,46,2016-1-30-94,112.0
2066,46,2016-1-30-106,127.0
2067,46,2016-1-30-118,113.0
2068,46,2016-1-30-130,134.0
2069,46,2016-1-30-142,49.0
2070,47,2016-1-22-46,19.0
2071,47,2016-1-22-58,14.0
2072,47,2016-1-22-70,12.0
2073,47,2016-1-22-82,16.0
2074,47,2016-1-22-94,12.0
2075,47,2016-1-22-106,13.0
2076,47,2016-1-22-118,6.0
2077,47,2016-1-22-130,3.0
2078,47,2016-1-22-142,5.0
2079,47,2016-1-24-46,0.0
2080,47,2016-1-24-58,11.0
2081,47,2016-1-24-70,13.0
2082,47,2016-1-24-82,13.0
2083,47,2016-1-24-94,6.0
2084,47,2016-1-24-106,8.0
2085,47,2016-1-24-118,17.0
2086,47,2016-1-24-130,7.0
2087,47,2016-1-24-142,2.0
2088,47,2016-1-26-46,18.0
2089,47,2016-1-26-58,12.0
2090,47,2016-1-26-70,17.0
2091,47,2016-1-26-82,11.0
2092,47,2016-1-26-94,8.0
2093,47,2016-1-26-106,7.0
2094,47,2016-1-26-118,13.0
2095,47,2016-1-26-130,8.0
2096,47,2016-1-26-142,2.0
2097,47,2016-1-28-46,0.0
2098,47,2016-1-28-58,8.0
2099,47,2016-1-28-70,17.0
2100,47,2016-1-28-82,18.0
2101,47,2016-1-28-94,13.0
2102,47,2016-1-28-106,10.0
2103,47,2016-1-28-118,7.0
2104,47,2016-1-28-130,4.0
2105,47,2016-1-28-142,8.0
2106,47,2016-1-30-46,13.0
2107,47,2016-1-30-58,25.0
2108,47,2016-1-30-70,9.0
2109,47,2016-1-30-82,8.0
2110,47,2016-1-30-94,9.0
2111,47,2016-1-30-106,6.0
2112,47,2016-1-30-118,12.0
2113,47,2016-1-30-130,6.0
2114,47,2016-1-30-142,7.0
2115,48,2016-1-22-46,251.0
2116,48,2016-1-22-58,262.0
2117,48,2016-1-22-70,224.0
2118,48,2016-1-22-82,266.0
2119,48,2016-1-22-94,391.0
2120,48,2016-1-22-106,749.0
2121,48,2016-1-22-118,260.0
2122,48,2016-1-22-130,417.0
2123,48,2016-1-22-142,131.0
2124,48,2016-1-24-46,0.0
2125,48,2016-1-24-58,166.0
2126,48,2016-1-24-70,192.0
2127,48,2016-1-24-82,347.0
2128,48,2016-1-24-94,461.0
2129,48,2016-1-24-106,684.0
2130,48,2016-1-24-118,268.0
2131,48,2016-1-24-130,253.0
2132,48,2016-1-24-142,78.0
2133,48,2016-1-26-46,244.0
2134,48,2016-1-26-58,299.0
2135,48,2016-1-26-70,255.0
2136,48,2016-1-26-82,396.0
2137,48,2016-1-26-94,411.0
2138,48,2016-1-26-106,668.0
2139,48,2016-1-26-118,258.0
2140,48,2016-1-26-130,301.0
2141,48,2016-1-26-142,104.0
2142,48,2016-1-28-46,0.0
2143,48,2016-1-28-58,288.0
2144,48,2016-1-28-70,275.0
2145,48,2016-1-28-82,297.0
2146,48,2016-1-28-94,416.0
2147,48,2016-1-28-106,575.0
2148,48,2016-1-28-118,264.0
2149,48,2016-1-28-130,347.0
2150,48,2016-1-28-142,115.0
2151,48,2016-1-30-46,151.0
2152,48,2016-1-30-58,185.0
2153,48,2016-1-30-70,224.0
2154,48,2016-1-30-82,373.0
2155,48,2016-1-30-94,440.0
2156,48,2016-1-30-106,762.0
2157,48,2016-1-30-118,209.0
2158,48,2016-1-30-130,334.0
2159,48,2016-1-30-142,104.0
2160,49,2016-1-22-46,3.0
2161,49,2016-1-22-58,4.0
2162,49,2016-1-22-70,2.0
2163,49,2016-1-22-82,4.0
2164,49,2016-1-22-94,1.0
2165,49,2016-1-22-106,1.0
2166,49,2016-1-22-118,4.0
2167,49,2016-1-22-130,2.0
2168,49,2016-1-22-142,0.0
2169,49,2016-1-24-46,0.0
2170,49,2016-1-24-58,8.0
2171,49,2016-1-24-70,1.0
2172,49,2016-1-24-82,7.0
2173,49,2016-1-24-94,2.0
2174,49,2016-1-24-106,4.0
2175,49,2016-1-24-118,8.0
2176,49,2016-1-24-130,3.0
2177,49,2016-1-24-142,1.0
2178,49,2016-1-26-46,4.0
2179,49,2016-1-26-58,7.0
2180,49,2016-1-26-70,4.0
2181,49,2016-1-26-82,3.0
2182,49,2016-1-26-94,0.0
2183,49,2016-1-26-106,2.0
2184,49,2016-1-26-118,1.0
2185,49,2016-1-26-130,1.0
2186,49,2016-1-26-142,3.0
2187,49,2016-1-28-46,0.0
2188,49,2016-1-28-58,5.0
2189,49,2016-1-28-70,1.0
2190,49,2016-1-28-82,2.0
2191,49,2016-1-28-94,6.0
2192,49,2016-1-28-106,6.0
2193,49,2016-1-28-118,2.0
2194,49,2016-1-28-130,1.0
2195,49,2016-1-28-142,0.0
2196,49,2016-1-30-46,2.0
2197,49,2016-1-30-58,3.0
2198,49,2016-1-30-70,0.0
2199,49,2016-1-30-82,4.0
2200,49,2016-1-30-94,2.0
2201,49,2016-1-30-106,4.0
2202,49,2016-1-30-118,4.0
2203,49,2016-1-30-130,2.0
2204,49,2016-1-30-142,0.0
2205,50,2016-1-22-46,2.0
2206,50,2016-1-22-58,4.0
2207,50,2016-1-22-70,0.0
2208,50,2016-1-22-82,0.0
2209,50,2016-1-22-94,0.0
2210,50,2016-1-22-106,4.0
2211,50,2016-1-22-118,1.0
2212,50,2016-1-22-130,1.0
2213,50,2016-1-22-142,0.0
2214,50,2016-1-24-46,0.0
2215,50,2016-1-24-58,4.0
2216,50,2016-1-24-70,2.0
2217,50,2016-1-24-82,2.0
2218,50,2016-1-24-94,1.0
2219,50,2016-1-24-106,2.0
2220,50,2016-1-24-118,0.0
2221,50,2016-1-24-130,2.0
2222,50,2016-1-24-142,1.0
2223,50,2016-1-26-46,2.0
2224,50,2016-1-26-58,0.0
2225,50,2016-1-26-70,1.0
2226,50,2016-1-26-82,3.0
2227,50,2016-1-26-94,5.0
2228,50,2016-1-26-106,2.0
2229,50,2016-1-26-118,0.0
2230,50,2016-1-26-130,1.0
2231,50,2016-1-26-142,2.0
2232,50,2016-1-28-46,0.0
2233,50,2016-1-28-58,4.0
2234,50,2016-1-28-70,2.0
2235,50,2016-1-28-82,6.0
2236,50,2016-1-28-94,0.0
2237,50,2016-1-28-106,5.0
2238,50,2016-1-28-118,0.0
2239,50,2016-1-28-130,1.0
2240,50,2016-1-28-142,0.0
2241,50,2016-1-30-46,1.0
2242,50,2016-1-30-58,0.0
2243,50,2016-1-30-70,1.0
2244,50,2016-1-30-82,5.0
2245,50,2016-1-30-94,0.0
2246,50,2016-1-30-106,2.0
2247,50,2016-1-30-118,1.0
2248,50,2016-1-30-130,2.0
2249,50,2016-1-30-142,1.0
2250,51,2016-1-22-46,367.0
2251,51,2016-1-22-58,512.0
2252,51,2016-1-22-70,467.0
2253,51,2016-1-22-82,525.0
2254,51,2016-1-22-94,758.0
2255,51,2016-1-22-106,1598.0
2256,51,2016-1-22-118,716.0
2257,51,2016-1-22-130,1205.0
2258,51,2016-1-22-142,468.0
2259,51,2016-1-24-46,0.0
2260,51,2016-1-24-58,309.0
2261,51,2016-1-24-70,419.0
2262,51,2016-1-24-82,544.0
2263,51,2016-1-24-94,586.0
2264,51,2016-1-24-106,822.0
2265,51,2016-1-24-118,646.0
2266,51,2016-1-24-130,1023.0
2267,51,2016-1-24-142,204.0
2268,51,2016-1-26-46,360.0
2269,51,2016-1-26-58,558.0
2270,51,2016-1-26-70,596.0
2271,51,2016-1-26-82,719.0
2272,51,2016-1-26-94,772.0
2273,51,2016-1-26-106,1253.0
2274,51,2016-1-26-118,580.0
2275,51,2016-1-26-130,1065.0
2276,51,2016-1-26-142,276.0
2277,51,2016-1-28-46,0.0
2278,51,2016-1-28-58,640.0
2279,51,2016-1-28-70,707.0
2280,51,2016-1-28-82,611.0
2281,51,2016-1-28-94,914.0
2282,51,2016-1-28-106,1251.0
2283,51,2016-1-28-118,769.0
2284,51,2016-1-28-130,945.0
2285,51,2016-1-28-142,431.0
2286,51,2016-1-30-46,164.0
2287,51,2016-1-30-58,332.0
2288,51,2016-1-30-70,477.0
2289,51,2016-1-30-82,637.0
2290,51,2016-1-30-94,907.0
2291,51,2016-1-30-106,911.0
2292,51,2016-1-30-118,537.0
2293,51,2016-1-30-130,1616.0
2294,51,2016-1-30-142,511.0
2295,52,2016-1-22-46,4.0
2296,52,2016-1-22-58,5.0
2297,52,2016-1-22-70,0.0
2298,52,2016-1-22-82,1.0
2299,52,2016-1-22-94,1.0
2300,52,2016-1-22-106,0.0
2301,52,2016-1-22-118,1.0
2302,52,2016-1-22-130,0.0
2303,52,2016-1-22-142,0.0
2304,52,2016-1-24-46,0.0
2305,52,2016-1-24-58,3.0
2306,52,2016-1-24-70,1.0
2307,52,2016-1-24-82,2.0
2308,52,2016-1-24-94,0.0
2309,52,2016-1-24-106,3.0
2310,52,2016-1-24-118,2.0
2311,52,2016-1-24-130,0.0
2312,52,2016-1-24-142,0.0
2313,52,2016-1-26-46,1.0
2314,52,2016-1-26-58,3.0
2315,52,2016-1-26-70,2.0
2316,52,2016-1-26-82,1.0
2317,52,2016-1-26-94,1.0
2318,52,2016-1-26-106,4.0
2319,52,2016-1-26-118,2.0
2320,52,2016-1-26-130,3.0
2321,52,2016-1-26-142,0.0
2322,52,2016-1-28-46,0.0
2323,52,2016-1-28-58,2.0
2324,52,2016-1-28-70,0.0
2325,52,2016-1-28-82,5.0
2326,52,2016-1-28-94,1.0
2327,52,2016-1-28-106,3.0
2328,52,2016-1-28-118,3.0
2329,52,2016-1-28-130,2.0
2330,52,2016-1-28-142,0.0
2331,52,2016-1-30-46,0.0
2332,52,2016-1-30-58,3.0
2333,52,2016-1-30-70,1.0
2334,52,2016-1-30-82,1.0
2335,52,2016-1-30-94,0.0
2336,52,2016-1-30-106,1.0
2337,52,2016-1-30-118,1.0
2338,52,2016-1-30-130,0.0
2339,52,2016-1-30-142,0.0
2340,53,2016-1-22-46,13.0
2341,53,2016-1-22-58,37.0
2342,53,2016-1-22-70,15.0
2343,53,2016-1-22-82,12.0
2344,53,2016-1-22-94,7.0
2345,53,2016-1-22-106,43.0
2346,53,2016-1-22-118,27.0
2347,53,2016-1-22-130,12.0
2348,53,2016-1-22-142,2.0
2349,53,2016-1-24-46,0.0
2350,53,2016-1-24-58,12.0
2351,53,2016-1-24-70,12.0
2352,53,2016-1-24-82,20.0
2353,53,2016-1-24-94,11.0
2354,53,2016-1-24-106,12.0
2355,53,2016-1-24-118,5.0
2356,53,2016-1-24-130,8.0
2357,53,2016-1-24-142,4.0
2358,53,2016-1-26-46,17.0
2359,53,2016-1-26-58,38.0
2360,53,2016-1-26-70,13.0
2361,53,2016-1-26-82,17.0
2362,53,2016-1-26-94,13.0
2363,53,2016-1-26-106,19.0
2364,53,2016-1-26-118,21.0
2365,53,2016-1-26-130,8.0
2366,53,2016-1-26-142,2.0
2367,53,2016-1-28-46,0.0
2368,53,2016-1-28-58,41.0
2369,53,2016-1-28-70,10.0
2370,53,2016-1-28-82,18.0
2371,53,2016-1-28-94,15.0
2372,53,2016-1-28-106,21.0
2373,53,2016-1-28-118,20.0
2374,53,2016-1-28-130,8.0
2375,53,2016-1-28-142,2.0
2376,53,2016-1-30-46,7.0
2377,53,2016-1-30-58,12.0
2378,53,2016-1-30-70,8.0
2379,53,2016-1-30-82,10.0
2380,53,2016-1-30-94,11.0
2381,53,2016-1-30-106,13.0
2382,53,2016-1-30-118,12.0
2383,53,2016-1-30-130,8.0
2384,53,2016-1-30-142,2.0
2385,54,2016-1-22-46,16.0
2386,54,2016-1-22-58,24.0
2387,54,2016-1-22-70,23.0
2388,54,2016-1-22-82,32.0
2389,54,2016-1-22-94,19.0
2390,54,2016-1-22-106,20.0
2391,54,2016-1-22-118,38.0
2392,54,2016-1-22-130,25.0
2393,54,2016-1-22-142,19.0
2394,54,2016-1-24-46,0.0
2395,54,2016-1-24-58,12.0
2396,54,2016-1-24-70,12.0
2397,54,2016-1-24-82,28.0
2398,54,2016-1-24-94,27.0
2399,54,2016-1-24-106,37.0
2400,54,2016-1-24-118,33.0
2401,54,2016-1-24-130,20.0
2402,54,2016-1-24-142,14.0
2403,54,2016-1-26-46,23.0
2404,54,2016-1-26-58,30.0
2405,54,2016-1-26-70,30.0
2406,54,2016-1-26-82,19.0
2407,54,2016-1-26-94,36.0
2408,54,2016-1-26-106,36.0
2409,54,2016-1-26-118,33.0
2410,54,2016-1-26-130,26.0
2411,54,2016-1-26-142,21.0
2412,54,2016-1-28-46,0.0
2413,54,2016-1-28-58,34.0
2414,54,2016-1-28-70,22.0
2415,54,2016-1-28-82,24.0
2416,54,2016-1-28-94,32.0
2417,54,2016-1-28-106,36.0
2418,54,2016-1-28-118,45.0
2419,54,2016-1-28-130,24.0
2420,54,2016-1-28-142,14.0
2421,54,2016-1-30-46,8.0
2422,54,2016-1-30-58,19.0
2423,54,2016-1-30-70,28.0
2424,54,2016-1-30-82,24.0
2425,54,2016-1-30-94,31.0
2426,54,2016-1-30-106,39.0
2427,54,2016-1-30-118,28.0
2428,54,2016-1-30-130,22.0
2429,54,2016-1-30-142,16.0
2430,55,2016-1-22-46,2.0
2431,55,2016-1-22-58,1.0
2432,55,2016-1-22-70,2.0
2433,55,2016-1-22-82,3.0
2434,55,2016-1-22-94,2.0
2435,55,2016-1-22-106,3.0
2436,55,2016-1-22-118,1.0
2437,55,2016-1-22-130,2.0
2438,55,2016-1-22-142,3.0
2439,55,2016-1-24-46,0.0
2440,55,2016-1-24-58,1.0
2441,55,2016-1-24-70,2.0
2442,55,2016-1-24-82,2.0
2443,55,2016-1-24-94,0.0
2444,55,2016-1-24-106,3.0
2445,55,2016-1-24-118,3.0
2446,55,2016-1-24-130,4.0
2447,55,2016-1-24-142,14.0
2448,55,2016-1-26-46,0.0
2449,55,2016-1-26-58,1.0
2450,55,2016-1-26-70,1.0
2451,55,2016-1-26-82,0.0
2452,55,2016-1-26-94,0.0
2453,55,2016-1-26-106,1.0
2454,55,2016-1-26-118,2.0
2455,55,2016-1-26-130,2.0
2456,55,2016-1-26-142,3.0
2457,55,2016-1-28-46,0.0
2458,55,2016-1-28-58,0.0
2459,55,2016-1-28-70,1.0
2460,55,2016-1-28-82,0.0
2461,55,2016-1-28-94,1.0
2462,55,2016-1-28-106,2.0
2463,55,2016-1-28-118,1.0
2464,55,2016-1-28-130,2.0
2465,55,2016-1-28-142,2.0
2466,55,2016-1-30-46,2.0
2467,55,2016-1-30-58,0.0
2468,55,2016-1-30-70,0.0
2469,55,2016-1-30-82,1.0
2470,55,2016-1-30-94,1.0
2471,55,2016-1-30-106,1.0
2472,55,2016-1-30-118,0.0
2473,55,2016-1-30-130,0.0
2474,55,2016-1-30-142,5.0
2475,56,2016-1-22-46,4.0
2476,56,2016-1-22-58,6.0
2477,56,2016-1-22-70,3.0
2478,56,2016-1-22-82,2.0
2479,56,2016-1-22-94,3.0
2480,56,2016-1-22-106,6.0
2481,56,2016-1-22-118,2.0
2482,56,2016-1-22-130,5.0
2483,56,2016-1-22-142,1.0
2484,56,2016-1-24-46,0.0
2485,56,2016-1-24-58,7.0
2486,56,2016-1-24-70,4.0
2487,56,2016-1-24-82,9.0
2488,56,2016-1-24-94,6.0
2489,56,2016-1-24-106,11.0
2490,56,2016-1-24-118,9.0
2491,56,2016-1-24-130,14.0
2492,56,2016-1-24-142,1.0
2493,56,2016-1-26-46,11.0
2494,56,2016-1-26-58,5.0
2495,56,2016-1-26-70,4.0
2496,56,2016-1-26-82,3.0
2497,56,2016-1-26-94,7.0
2498,56,2016-1-26-106,10.0
2499,56,2016-1-26-118,6.0
2500,56,2016-1-26-130,6.0
2501,56,2016-1-26-142,2.0
2502,56,2016-1-28-46,0.0
2503,56,2016-1-28-58,5.0
2504,56,2016-1-28-70,2.0
2505,56,2016-1-28-82,5.0
2506,56,2016-1-28-94,0.0
2507,56,2016-1-28-106,12.0
2508,56,2016-1-28-118,2.0
2509,56,2016-1-28-130,4.0
2510,56,2016-1-28-142,2.0
2511,56,2016-1-30-46,5.0
2512,56,2016-1-30-58,4.0
2513,56,2016-1-30-70,5.0
2514,56,2016-1-30-82,10.0
2515,56,2016-1-30-94,7.0
2516,56,2016-1-30-106,4.0
2517,56,2016-1-30-118,7.0
2518,56,2016-1-30-130,10.0
2519,56,2016-1-30-142,2.0
2520,57,2016-1-22-46,29.0
2521,57,2016-1-22-58,43.0
2522,57,2016-1-22-70,22.0
2523,57,2016-1-22-82,22.0
2524,57,2016-1-22-94,15.0
2525,57,2016-1-22-106,30.0
2526,57,2016-1-22-118,34.0
2527,57,2016-1-22-130,15.0
2528,57,2016-1-22-142,9.0
2529,57,2016-1-24-46,0.0
2530,57,2016-1-24-58,14.0
2531,57,2016-1-24-70,19.0
2532,57,2016-1-24-82,22.0
2533,57,2016-1-24-94,11.0
2534,57,2016-1-24-106,33.0
2535,57,2016-1-24-118,12.0
2536,57,2016-1-24-130,13.0
2537,57,2016-1-24-142,8.0
2538,57,2016-1-26-46,28.0
2539,57,2016-1-26-58,24.0
2540,57,2016-1-26-70,22.0
2541,57,2016-1-26-82,17.0
2542,57,2016-1-26-94,19.0
2543,57,2016-1-26-106,18.0
2544,57,2016-1-26-118,14.0
2545,57,2016-1-26-130,9.0
2546,57,2016-1-26-142,6.0
2547,57,2016-1-28-46,0.0
2548,57,2016-1-28-58,31.0
2549,57,2016-1-28-70,20.0
2550,57,2016-1-28-82,12.0
2551,57,2016-1-28-94,11.0
2552,57,2016-1-28-106,34.0
2553,57,2016-1-28-118,21.0
2554,57,2016-1-28-130,10.0
2555,57,2016-1-28-142,11.0
2556,57,2016-1-30-46,16.0
2557,57,2016-1-30-58,14.0
2558,57,2016-1-30-70,17.0
2559,57,2016-1-30-82,18.0
2560,57,2016-1-30-94,17.0
2561,57,2016-1-30-106,31.0
2562,57,2016-1-30-118,12.0
2563,57,2016-1-30-130,18.0
2564,57,2016-1-30-142,4.0
2565,58,2016-1-22-46,7.0
2566,58,2016-1-22-58,7.0
2567,58,2016-1-22-70,8.0
2568,58,2016-1-22-82,9.0
2569,58,2016-1-22-94,2.0
2570,58,2016-1-22-106,2.0
2571,58,2016-1-22-118,2.0
2572,58,2016-1-22-130,4.0
2573,58,2016-1-22-142,2.0
2574,58,2016-1-24-46,0.0
2575,58,2016-1-24-58,2.0
2576,58,2016-1-24-70,10.0
2577,58,2016-1-24-82,6.0
2578,58,2016-1-24-94,13.0
2579,58,2016-1-24-106,4.0
2580,58,2016-1-24-118,9.0
2581,58,2016-1-24-130,3.0
2582,58,2016-1-24-142,3.0
2583,58,2016-1-26-46,3.0
2584,58,2016-1-26-58,11.0
2585,58,2016-1-26-70,5.0
2586,58,2016-1-26-82,5.0
2587,58,2016-1-26-94,3.0
2588,58,2016-1-26-106,3.0
2589,58,2016-1-26-118,1.0
2590,58,2016-1-26-130,1.0
2591,58,2016-1-26-142,2.0
2592,58,2016-1-28-46,0.0
2593,58,2016-1-28-58,11.0
2594,58,2016-1-28-70,9.0
2595,58,2016-1-28-82,8.0
2596,58,2016-1-28-94,3.0
2597,58,2016-1-28-106,5.0
2598,58,2016-1-28-118,1.0
2599,58,2016-1-28-130,1.0
2600,58,2016-1-28-142,1.0
2601,58,2016-1-30-46,8.0
2602,58,2016-1-30-58,5.0
2603,58,2016-1-30-70,3.0
2604,58,2016-1-30-82,4.0
2605,58,2016-1-30-94,5.0
2606,58,2016-1-30-106,2.0
2607,58,2016-1-30-118,5.0
2608,58,2016-1-30-130,4.0
2609,58,2016-1-30-142,1.0
2610,59,2016-1-22-46,21.0
2611,59,2016-1-22-58,5.0
2612,59,2016-1-22-70,1.0
2613,59,2016-1-22-82,1.0
2614,59,2016-1-22-94,3.0
2615,59,2016-1-22-106,1.0
2616,59,2016-1-22-118,5.0
2617,59,2016-1-22-130,4.0
2618,59,2016-1-22-142,3.0
2619,59,2016-1-24-46,0.0
2620,59,2016-1-24-58,0.0
2621,59,2016-1-24-70,4.0
2622,59,2016-1-24-82,5.0
2623,59,2016-1-24-94,2.0
2624,59,2016-1-24-106,3.0
2625,59,2016-1-24-118,4.0
2626,59,2016-1-24-130,4.0
2627,59,2016-1-24-142,3.0
2628,59,2016-1-26-46,34.0
2629,59,2016-1-26-58,4.0
2630,59,2016-1-26-70,0.0
2631,59,2016-1-26-82,9.0
2632,59,2016-1-26-94,1.0
2633,59,2016-1-26-106,2.0
2634,59,2016-1-26-118,6.0
2635,59,2016-1-26-130,2.0
2636,59,2016-1-26-142,0.0
2637,59,2016-1-28-46,0.0
2638,59,2016-1-28-58,3.0
2639,59,2016-1-28-70,1.0
2640,59,2016-1-28-82,5.0
2641,59,2016-1-28-94,3.0
2642,59,2016-1-28-106,6.0
2643,59,2016-1-28-118,1.0
2644,59,2016-1-28-130,3.0
2645,59,2016-1-28-142,1.0
2646,59,2016-1-30-46,5.0
2647,59,2016-1-30-58,3.0
2648,59,2016-1-30-70,2.0
2649,59,2016-1-30-82,4.0
2650,59,2016-1-30-94,2.0
2651,59,2016-1-30-106,3.0
2652,59,2016-1-30-118,3.0
2653,59,2016-1-30-130,2.0
2654,59,2016-1-30-142,1.0
2655,60,2016-1-22-46,4.0
2656,60,2016-1-22-58,2.0
2657,60,2016-1-22-70,1.0
2658,60,2016-1-22-82,2.0
2659,60,2016-1-22-94,1.0
2660,60,2016-1-22-106,0.0
2661,60,2016-1-22-118,2.0
2662,60,2016-1-22-130,4.0
2663,60,2016-1-22-142,1.0
2664,60,2016-1-24-46,0.0
2665,60,2016-1-24-58,2.0
2666,60,2016-1-24-70,5.0
2667,60,2016-1-24-82,0.0
2668,60,2016-1-24-94,4.0
2669,60,2016-1-24-106,4.0
2670,60,2016-1-24-118,3.0
2671,60,2016-1-24-130,0.0
2672,60,2016-1-24-142,0.0
2673,60,2016-1-26-46,0.0
2674,60,2016-1-26-58,2.0
2675,60,2016-1-26-70,2.0
2676,60,2016-1-26-82,1.0
2677,60,2016-1-26-94,0.0
2678,60,2016-1-26-106,5.0
2679,60,2016-1-26-118,0.0
2680,60,2016-1-26-130,1.0
2681,60,2016-1-26-142,5.0
2682,60,2016-1-28-46,0.0
2683,60,2016-1-28-58,5.0
2684,60,2016-1-28-70,1.0
2685,60,2016-1-28-82,0.0
2686,60,2016-1-28-94,2.0
2687,60,2016-1-28-106,2.0
2688,60,2016-1-28-118,0.0
2689,60,2016-1-28-130,2.0
2690,60,2016-1-28-142,1.0
2691,60,2016-1-30-46,6.0
2692,60,2016-1-30-58,1.0
2693,60,2016-1-30-70,0.0
2694,60,2016-1-30-82,0.0
2695,60,2016-1-30-94,1.0
2696,60,2016-1-30-106,0.0
2697,60,2016-1-30-118,1.0
2698,60,2016-1-30-130,12.0
2699,60,2016-1-30-142,0.0
2700,61,2016-1-22-46,1.0
2701,61,2016-1-22-58,4.0
2702,61,2016-1-22-70,2.0
2703,61,2016-1-22-82,3.0
2704,61,2016-1-22-94,2.0
2705,61,2016-1-22-106,1.0
2706,61,2016-1-22-118,3.0
2707,61,2016-1-22-130,3.0
2708,61,2016-1-22-142,1.0
2709,61,2016-1-24-46,0.0
2710,61,2016-1-24-58,1.0
2711,61,2016-1-24-70,1.0
2712,61,2016-1-24-82,6.0
2713,61,2016-1-24-94,2.0
2714,61,2016-1-24-106,5.0
2715,61,2016-1-24-118,3.0
2716,61,2016-1-24-130,2.0
2717,61,2016-1-24-142,1.0
2718,61,2016-1-26-46,1.0
2719,61,2016-1-26-58,4.0
2720,61,2016-1-26-70,1.0
2721,61,2016-1-26-82,2.0
2722,61,2016-1-26-94,9.0
2723,61,2016-1-26-106,3.0
2724,61,2016-1-26-118,1.0
2725,61,2016-1-26-130,4.0
2726,61,2016-1-26-142,4.0
2727,61,2016-1-28-46,0.0
2728,61,2016-1-28-58,4.0
2729,61,2016-1-28-70,1.0
2730,61,2016-1-28-82,4.0
2731,61,2016-1-28-94,3.0
2732,61,2016-1-28-106,6.0
2733,61,2016-1-28-118,2.0
2734,61,2016-1-28-130,2.0
2735,61,2016-1-28-142,2.0
2736,61,2016-1-30-46,1.0
2737,61,2016-1-30-58,1.0
2738,61,2016-1-30-70,1.0
2739,61,2016-1-30-82,2.0
2740,61,2016-1-30-94,3.0
2741,61,2016-1-30-106,5.0
2742,61,2016-1-30-118,2.0
2743,61,2016-1-30-130,3.0
2744,61,2016-1-30-142,0.0
2745,62,2016-1-22-46,2.0
2746,62,2016-1-22-58,0.0
2747,62,2016-1-22-70,2.0
2748,62,2016-1-22-82,0.0
2749,62,2016-1-22-94,0.0
2750,62,2016-1-22-106,2.0
2751,62,2016-1-22-118,3.0
2752,62,2016-1-22-130,4.0
2753,62,2016-1-22-142,2.0
2754,62,2016-1-24-46,0.0
2755,62,2016-1-24-58,0.0
2756,62,2016-1-24-70,2.0
2757,62,2016-1-24-82,1.0
2758,62,2016-1-24-94,0.0
2759,62,2016-1-24-106,6.0
2760,62,2016-1-24-118,0.0
2761,62,2016-1-24-130,5.0
2762,62,2016-1-24-142,1.0
2763,62,2016-1-26-46,2.0
2764,62,2016-1-26-58,1.0
2765,62,2016-1-26-70,0.0
2766,62,2016-1-26-82,1.0
2767,62,2016-1-26-94,0.0
2768,62,2016-1-26-106,0.0
2769,62,2016-1-26-118,0.0
2770,62,2016-1-26-130,0.0
2771,62,2016-1-26-142,1.0
2772,62,2016-1-28-46,0.0
2773,62,2016-1-28-58,0.0
2774,62,2016-1-28-70,1.0
2775,62,2016-1-28-82,0.0
2776,62,2016-1-28-94,1.0
2777,62,2016-1-28-106,0.0
2778,62,2016-1-28-118,0.0
2779,62,2016-1-28-130,1.0
2780,62,2016-1-28-142,0.0
2781,62,2016-1-30-46,1.0
2782,62,2016-1-30-58,2.0
2783,62,2016-1-30-70,3.0
2784,62,2016-1-30-82,0.0
2785,62,2016-1-30-94,4.0
2786,62,2016-1-30-106,1.0
2787,62,2016-1-30-118,0.0
2788,62,2016-1-30-130,3.0
2789,62,2016-1-30-142,0.0
2790,63,2016-1-22-46,2.0
2791,63,2016-1-22-58,0.0
2792,63,2016-1-22-70,0.0
2793,63,2016-1-22-82,0.0
2794,63,2016-1-22-94,0.0
2795,63,2016-1-22-106,2.0
2796,63,2016-1-22-118,0.0
2797,63,2016-1-22-130,0.0
2798,63,2016-1-22-142,0.0
2799,63,2016-1-24-46,0.0
2800,63,2016-1-24-58,0.0
2801,63,2016-1-24-70,2.0
2802,63,2016-1-24-82,3.0
2803,63,2016-1-24-94,0.0
2804,63,2016-1-24-106,0.0
2805,63,2016-1-24-118,3.0
2806,63,2016-1-24-130,0.0
2807,63,2016-1-24-142,0.0
2808,63,2016-1-26-46,0.0
2809,63,2016-1-26-58,0.0
2810,63,2016-1-26-70,0.0
2811,63,2016-1-26-82,0.0
2812,63,2016-1-26-94,4.0
2813,63,2016-1-26-106,0.0
2814,63,2016-1-26-118,0.0
2815,63,2016-1-26-130,0.0
2816,63,2016-1-26-142,1.0
2817,63,2016-1-28-46,0.0
2818,63,2016-1-28-58,1.0
2819,63,2016-1-28-70,1.0
2820,63,2016-1-28-82,2.0
2821,63,2016-1-28-94,0.0
2822,63,2016-1-28-106,0.0
2823,63,2016-1-28-118,1.0
2824,63,2016-1-28-130,2.0
2825,63,2016-1-28-142,1.0
2826,63,2016-1-30-46,0.0
2827,63,2016-1-30-58,1.0
2828,63,2016-1-30-70,1.0
2829,63,2016-1-30-82,2.0
2830,63,2016-1-30-94,0.0
2831,63,2016-1-30-106,1.0
2832,63,2016-1-30-118,1.0
2833,63,2016-1-30-130,0.0
2834,63,2016-1-30-142,0.0
2835,64,2016-1-22-46,9.0
2836,64,2016-1-22-58,12.0
2837,64,2016-1-22-70,17.0
2838,64,2016-1-22-82,18.0
2839,64,2016-1-22-94,18.0
2840,64,2016-1-22-106,35.0
2841,64,2016-1-22-118,12.0
2842,64,2016-1-22-130,20.0
2843,64,2016-1-22-142,7.0
2844,64,2016-1-24-46,0.0
2845,64,2016-1-24-58,11.0
2846,64,2016-1-24-70,15.0
2847,64,2016-1-24-82,17.0
2848,64,2016-1-24-94,20.0
2849,64,2016-1-24-106,24.0
2850,64,2016-1-24-118,21.0
2851,64,2016-1-24-130,15.0
2852,64,2016-1-24-142,9.0
2853,64,2016-1-26-46,13.0
2854,64,2016-1-26-58,8.0
2855,64,2016-1-26-70,15.0
2856,64,2016-1-26-82,18.0
2857,64,2016-1-26-94,18.0
2858,64,2016-1-26-106,30.0
2859,64,2016-1-26-118,26.0
2860,64,2016-1-26-130,23.0
2861,64,2016-1-26-142,10.0
2862,64,2016-1-28-46,0.0
2863,64,2016-1-28-58,15.0
2864,64,2016-1-28-70,14.0
2865,64,2016-1-28-82,15.0
2866,64,2016-1-28-94,14.0
2867,64,2016-1-28-106,19.0
2868,64,2016-1-28-118,20.0
2869,64,2016-1-28-130,25.0
2870,64,2016-1-28-142,5.0
2871,64,2016-1-30-46,4.0
2872,64,2016-1-30-58,8.0
2873,64,2016-1-30-70,16.0
2874,64,2016-1-30-82,25.0
2875,64,2016-1-30-94,18.0
2876,64,2016-1-30-106,20.0
2877,64,2016-1-30-118,18.0
2878,64,2016-1-30-130,14.0
2879,64,2016-1-30-142,9.0
2880,65,2016-1-22-46,3.0
2881,65,2016-1-22-58,4.0
2882,65,2016-1-22-70,4.0
2883,65,2016-1-22-82,4.0
2884,65,2016-1-22-94,1.0
2885,65,2016-1-22-106,6.0
2886,65,2016-1-22-118,7.0
2887,65,2016-1-22-130,2.0
2888,65,2016-1-22-142,0.0
2889,65,2016-1-24-46,0.0
2890,65,2016-1-24-58,10.0
2891,65,2016-1-24-70,6.0
2892,65,2016-1-24-82,7.0
2893,65,2016-1-24-94,5.0
2894,65,2016-1-24-106,3.0
2895,65,2016-1-24-118,6.0
2896,65,2016-1-24-130,2.0
2897,65,2016-1-24-142,0.0
2898,65,2016-1-26-46,1.0
2899,65,2016-1-26-58,9.0
2900,65,2016-1-26-70,2.0
2901,65,2016-1-26-82,4.0
2902,65,2016-1-26-94,2.0
2903,65,2016-1-26-106,4.0
2904,65,2016-1-26-118,3.0
2905,65,2016-1-26-130,3.0
2906,65,2016-1-26-142,0.0
2907,65,2016-1-28-46,0.0
2908,65,2016-1-28-58,5.0
2909,65,2016-1-28-70,2.0
2910,65,2016-1-28-82,3.0
2911,65,2016-1-28-94,6.0
2912,65,2016-1-28-106,3.0
2913,65,2016-1-28-118,3.0
2914,65,2016-1-28-130,4.0
2915,65,2016-1-28-142,0.0
2916,65,2016-1-30-46,6.0
2917,65,2016-1-30-58,2.0
2918,65,2016-1-30-70,3.0
2919,65,2016-1-30-82,2.0
2920,65,2016-1-30-94,5.0
2921,65,2016-1-30-106,3.0
2922,65,2016-1-30-118,5.0
2923,65,2016-1-30-130,3.0
2924,65,2016-1-30-142,3.0
2925,66,2016-1-22-46,16.0
2926,66,2016-1-22-58,17.0
2927,66,2016-1-22-70,15.0
2928,66,2016-1-22-82,21.0
2929,66,2016-1-22-94,15.0
2930,66,2016-1-22-106,32.0
2931,66,2016-1-22-118,17.0
2932,66,2016-1-22-130,11.0
2933,66,2016-1-22-142,8.0
2934,66,2016-1-24-46,0.0
2935,66,2016-1-24-58,16.0
2936,66,2016-1-24-70,11.0
2937,66,2016-1-24-82,14.0
2938,66,2016-1-24-94,22.0
2939,66,2016-1-24-106,35.0
2940,66,2016-1-24-118,24.0
2941,66,2016-1-24-130,9.0
2942,66,2016-1-24-142,8.0
2943,66,2016-1-26-46,23.0
2944,66,2016-1-26-58,18.0
2945,66,2016-1-26-70,12.0
2946,66,2016-1-26-82,19.0
2947,66,2016-1-26-94,10.0
2948,66,2016-1-26-106,21.0
2949,66,2016-1-26-118,15.0
2950,66,2016-1-26-130,18.0
2951,66,2016-1-26-142,8.0
2952,66,2016-1-28-46,0.0
2953,66,2016-1-28-58,17.0
2954,66,2016-1-28-70,24.0
2955,66,2016-1-28-82,21.0
2956,66,2016-1-28-94,12.0
2957,66,2016-1-28-106,33.0
2958,66,2016-1-28-118,16.0
2959,66,2016-1-28-130,19.0
2960,66,2016-1-28-142,4.0
2961,66,2016-1-30-46,10.0
2962,66,2016-1-30-58,10.0
2963,66,2016-1-30-70,16.0
2964,66,2016-1-30-82,23.0
2965,66,2016-1-30-94,11.0
2966,66,2016-1-30-106,24.0
2967,66,2016-1-30-118,8.0
2968,66,2016-1-30-130,16.0
2969,66,2016-1-30-142,5.0
